a,a,r,o,n
a,b,a,c,a
a,b,a,c,k
a,b,a,f,t
a,b,a,m,p
a,b,a,s,e
a,b,a,s,h
a,b,a,t,e
a,b,b,a,s
a,b,b,e,y
a,b,b,o,t
a,b,e,',s
a,b,e,a,m
a,b,e,l,e
a,b,e,t,s
a,b,h,o,r
a,b,i,d,e
a,b,l,e,r
a,b,n,e,r
a,b,o,d,e
a,b,o,h,m
a,b,o,i,l
a,b,o,r,t
a,b,o,u,t
a,b,o,v,e
a,b,r,a,m
a,b,r,i,n
a,b,u,s,e
a,b,u,t,s
a,b,u,z,z
a,b,y,s,m
a,b,y,s,s
a,c,c,a,d
a,c,c,r,a
a,c,e,',s
a,c,e,r,b
a,c,h,e,d
a,c,h,e,s
a,c,i,d,s
a,c,i,n,g
a,c,k,e,e
a,c,n,e,d
a,c,o,c,k
a,c,o,l,d
a,c,o,r,n
a,c,r,e,s
a,c,r,i,d
a,c,t,e,d
a,c,t,i,n
a,c,t,o,n
a,c,t,o,r
a,c,u,t,e
a,d,a,',s
a,d,a,g,e
a,d,a,i,r
a,d,a,m,s
a,d,a,n,a
a,d,a,p,t
a,d,d,a,x
a,d,d,e,d
a,d,d,e,r
a,d,d,i,s
a,d,d,l,e
a,d,e,l,e
a,d,e,p,t
a,d,i,e,u
a,d,i,g,e
a,d,i,o,s
a,d,l,e,r
a,d,m,a,n
a,d,m,i,t
a,d,m,i,x
a,d,o,b,e
a,d,o,p,t
a,d,o,r,e
a,d,o,r,n
a,d,o,w,a
a,d,o,z,e
a,d,u,l,t
a,d,u,s,t
a,d,u,w,a
a,e,d,e,s
a,e,g,i,s
a,e,o,n,s
a,e,r,i,e
a,e,s,i,r
a,e,s,o,p
a,e,t,n,a
a,f,a,r,s
a,f,f,i,x
a,f,i,r,e
a,f,o,o,t
a,f,o,r,e
a,f,o,u,l
a,f,r,i,t
a,f,t,e,r
a,g,a,i,n
a,g,a,m,a
a,g,a,p,e
a,g,a,t,e
a,g,a,v,e
a,g,a,z,e
a,g,e,n,e
a,g,e,n,t
a,g,e,r,s
a,g,g,i,e
a,g,g,r,o
a,g,i,l,e
a,g,i,n,g
a,g,i,o,s
a,g,i,s,t
a,g,l,e,t
a,g,l,e,y
a,g,l,o,w
a,g,n,e,s
a,g,n,e,w
a,g,n,u,s
a,g,o,n,e
a,g,o,n,y
a,g,o,r,a
a,g,r,a,m
a,g,r,e,e
a,g,w,a,y
a,h,e,a,d
a,h,o,l,d
a,h,u,r,a
a,h,w,a,z
a,i,d,a,n
a,i,d,e,d
a,i,d,e,r
a,i,d,e,s
a,i,d,i,n
a,i,k,e,n
a,i,l,e,d
a,i,m,e,d
a,i,m,e,r
a,i,n,',t
a,i,r,e,d
a,i,r,e,r
a,i,r,e,s
a,i,s,h,a
a,i,s,l,e
a,i,s,n,e
a,i,t,c,h
a,j,m,e,r
a,k,b,a,r
a,k,e,l,a
a,k,e,n,e
a,k,e,r,s
a,k,k,a,d
a,k,r,o,n
a,k,s,u,m
a,k,u,r,e
a,l,a,c,k
a,l,a,m,o
a,l,a,r,m
a,l,a,r,y
a,l,a,t,e
a,l,b,u,m
a,l,c,a,n
a,l,c,o,a
a,l,d,a,n
a,l,d,e,n
a,l,d,e,r
a,l,d,i,s
a,l,d,o,l
a,l,d,u,s
a,l,e,c,k
a,l,e,p,h
a,l,e,r,t
a,l,e,u,t
a,l,g,a,e
a,l,g,a,l
a,l,g,e,r
a,l,g,i,d
a,l,g,i,n
a,l,g,o,l
a,l,g,o,r
a,l,i,a,s
a,l,i,b,i
a,l,i,c,e
a,l,i,e,n
a,l,i,g,n
a,l,i,k,e
a,l,i,n,e
a,l,i,v,e
a,l,k,y,d
a,l,k,y,l
a,l,l,a,h
a,l,l,a,n
a,l,l,a,y
a,l,l,e,n
a,l,l,e,y
a,l,l,i,s
a,l,l,o,a
a,l,l,o,t
a,l,l,o,w
a,l,l,o,y
a,l,l,y,l
a,l,l,y,n
a,l,o,e,s
a,l,o,f,t
a,l,o,h,a
a,l,o,i,n
a,l,o,n,e
a,l,o,n,g
a,l,o,o,f
a,l,o,s,t
a,l,o,u,d
a,l,p,e,s
a,l,p,h,a
a,l,s,o,p
a,l,t,a,r
a,l,t,e,r
a,l,t,h,o
a,l,t,o,n
a,l,t,o,s
a,l,u,l,a
a,l,v,e,y
a,l,v,i,n
a,l,w,a,y
a,m,a,i,n
a,m,a,s,s
a,m,a,t,i
a,m,a,u,t
a,m,a,z,e
a,m,b,e,r
a,m,b,i,t
a,m,b,l,e
a,m,b,r,y
a,m,e,b,a
a,m,e,e,r
a,m,e,n,d
a,m,e,n,t
a,m,i,c,e
a,m,i,d,e
a,m,i,g,o
a,m,i,n,e
a,m,i,n,o
a,m,i,s,h
a,m,i,s,s
a,m,i,t,y
a,m,m,a,n
a,m,m,o,n
a,m,n,i,a
a,m,o,c,o
a,m,o,n,g
a,m,o,r,s
a,m,o,r,t
a,m,o,u,r
a,m,o,w,t
a,m,p,e,x
a,m,p,l,e
a,m,p,l,y
a,m,p,u,l
a,m,u,c,k
a,m,u,s,e
a,m,y,',s
a,n,c,o,n
a,n,d,e,d
a,n,d,e,s
a,n,d,r,e
a,n,e,a,r
a,n,e,l,e
a,n,e,n,t
a,n,e,t,o
a,n,g,e,l
a,n,g,e,r
a,n,g,i,e
a,n,g,l,e
a,n,g,l,o
a,n,g,r,a
a,n,g,r,y
a,n,g,s,t
a,n,g,u,s
a,n,i,l,e
a,n,i,m,a
a,n,i,o,n
a,n,i,s,e
a,n,i,t,a
a,n,j,o,u
a,n,k,l,e
a,n,k,u,s
a,n,n,a,l
a,n,n,a,m
a,n,n,e,x
a,n,n,i,e
a,n,n,o,y
a,n,n,u,l
a,n,n,u,m
a,n,o,d,e
a,n,o,l,e
a,n,s,o,n
a,n,t,',s
a,n,t,e,d
a,n,t,i,c
a,n,t,o,n
a,n,t,r,e
a,n,v,i,l
a,n,z,a,c
a,n,z,i,o
a,n,z,u,s
a,o,r,t,a
a,o,s,t,a
a,p,a,c,e
a,p,a,r,t
a,p,e,a,k
a,p,e,r,y
a,p,h,i,d
a,p,h,i,s
a,p,i,a,n
a,p,i,n,g
a,p,i,s,h
a,p,o,r,t
a,p,p,a,l
a,p,p,e,l
a,p,p,l,e
a,p,p,l,y
a,p,r,i,l
a,p,r,o,n
a,p,s,e,s
a,p,s,i,s
a,p,t,l,y
a,p,u,r,e
a,q,a,b,a
a,q,u,a,s
a,q,u,i,t
a,r,a,b,s
a,r,a,b,y
a,r,a,k,s
a,r,a,n,y
a,r,b,i,l
a,r,b,o,r
a,r,c,e,d
a,r,c,u,s
a,r,d,e,b
a,r,d,e,n
a,r,d,o,r
a,r,e,a,l
a,r,e,a,s
a,r,e,c,a
a,r,e,n,a
a,r,g,a,l
a,r,g,e,r
a,r,g,i,l
a,r,g,o,l
a,r,g,o,n
a,r,g,o,s
a,r,g,o,t
a,r,g,u,e
a,r,g,u,s
a,r,h,a,t
a,r,i,a,n
a,r,i,c,a
a,r,i,e,l
a,r,i,e,s
a,r,i,s,e
a,r,i,u,s
a,r,l,e,n
a,r,l,e,s
a,r,l,o,n
a,r,m,',s
a,r,m,c,o
a,r,m,e,d
a,r,m,e,r
a,r,m,e,s
a,r,m,e,t
a,r,m,o,r
a,r,n,i,m
a,r,o,i,d
a,r,o,m,a
a,r,o,s,e
a,r,r,a,n
a,r,r,a,s
a,r,r,a,u
a,r,r,a,y
a,r,r,i,s
a,r,r,o,w
a,r,s,i,s
a,r,s,o,n
a,r,t,',s
a,r,t,i,c
a,r,t,i,e
a,r,u,b,a
a,r,y,a,n
a,s,b,e,n
a,s,c,i,i
a,s,c,o,t
a,s,c,u,s
a,s,d,i,c
a,s,h,e,n
a,s,h,e,r
a,s,h,e,s
a,s,h,e,t
a,s,h,u,r
a,s,i,a,n
a,s,i,d,e
a,s,k,e,d
a,s,k,e,r
a,s,k,e,w
a,s,k,j,a
a,s,l,e,f
a,s,o,k,a
a,s,p,e,n
a,s,p,e,r
a,s,p,i,c
a,s,s,',s
a,s,s,a,d
a,s,s,a,i
a,s,s,a,m
a,s,s,a,y
a,s,s,e,n
a,s,s,e,s
a,s,s,e,t
a,s,t,e,r
a,s,t,i,r
a,s,t,o,n
a,s,t,o,r
a,s,w,a,n
a,s,y,n,c
a,s,y,u,t
a,t,a,r,i
a,t,h,o,s
a,t,i,l,t
a,t,l,a,s
a,t,m,',s
a,t,m,a,n
a,t,o,l,l
a,t,o,m,s
a,t,o,m,y
a,t,o,n,e
a,t,o,n,y
a,t,o,p,y
a,t,r,i,p
a,t,t,a,r
a,t,t,i,c
a,t,t,i,s
a,t,u,n,e
a,u,d,e,n
a,u,d,i,o
a,u,d,i,t
a,u,g,e,r
a,u,g,h,t
a,u,g,u,r
a,u,l,i,c
a,u,l,i,s
a,u,n,t,s
a,u,r,a,l
a,u,r,a,r
a,u,r,a,s
a,u,r,i,c
a,u,r,u,m
a,u,t,o,s
a,u,x,i,l
a,u,x,i,n
a,v,a,i,l
a,v,a,n,t
a,v,a,s,t
a,v,e,n,s
a,v,e,r,s
a,v,e,r,t
a,v,e,r,y
a,v,i,a,n
a,v,o,i,d
a,v,o,w,s
a,w,a,i,t
a,w,a,k,e
a,w,a,r,d
a,w,a,r,e
a,w,a,s,h
a,w,f,u,l
a,w,i,n,g
a,w,l,',s
a,w,o,k,e
a,x,e,r,s
a,x,i,a,l
a,x,i,l,e
a,x,i,n,g
a,x,i,o,m
a,x,i,o,n
a,x,l,e,s
a,x,m,a,n
a,x,o,n,s
a,y,d,i,n
a,y,e,r,s
a,z,i,d,e
a,z,i,d,o
a,z,i,n,e
a,z,o,i,c
a,z,o,l,e
a,z,o,t,e
a,z,o,t,h
a,z,t,e,c
a,z,u,r,e
a,z,u,s,a
b,a,b,a,r
b,a,b,e,l
b,a,b,e,s
b,a,b,u,l
b,a,b,u,r
b,a,c,c,y
b,a,c,k,s
b,a,c,o,n
b,a,d,e,n
b,a,d,g,e
b,a,d,l,y
b,a,e,d,a
b,a,g,',s
b,a,g,e,l
b,a,g,g,y
b,a,g,i,e
b,a,h,a,i
b,a,h,i,a
b,a,i,l,e
b,a,i,r,d
b,a,i,r,n
b,a,i,t,s
b,a,i,z,e
b,a,j,a,n
b,a,k,e,d
b,a,k,e,r
b,a,k,e,s
b,a,k,r,a
b,a,k,s,t
b,a,l,a,s
b,a,l,b,o
b,a,l,d,y
b,a,l,e,d
b,a,l,e,r
b,a,l,e,s
b,a,l,k,h
b,a,l,k,s
b,a,l,k,y
b,a,l,l,s
b,a,l,m,s
b,a,l,m,y
b,a,l,p,a
b,a,l,s,a
b,a,m,b,i
b,a,n,',s
b,a,n,a,l
b,a,n,a,t
b,a,n,d,a
b,a,n,d,h
b,a,n,d,s
b,a,n,d,y
b,a,n,f,f
b,a,n,g,s
b,a,n,j,a
b,a,n,j,o
b,a,n,k,a
b,a,n,k,s
b,a,n,n,s
b,a,n,t,u
b,a,r,',s
b,a,r,b,e
b,a,r,b,s
b,a,r,c,a
b,a,r,c,e
b,a,r,d,s
b,a,r,e,d
b,a,r,e,r
b,a,r,e,s
b,a,r,g,e
b,a,r,i,c
b,a,r,k,s
b,a,r,k,y
b,a,r,m,y
b,a,r,n,s
b,a,r,n,y
b,a,r,o,n
b,a,r,r,e
b,a,r,r,y
b,a,r,t,h
b,a,r,y,e
b,a,s,a,l
b,a,s,e,d
b,a,s,e,l
b,a,s,e,r
b,a,s,e,s
b,a,s,i,c
b,a,s,i,e
b,a,s,i,l
b,a,s,i,n
b,a,s,i,s
b,a,s,l,e
b,a,s,s,i
b,a,s,s,o
b,a,s,t,e
b,a,t,',s
b,a,t,c,h
b,a,t,e,d
b,a,t,e,r
b,a,t,e,s
b,a,t,h,e
b,a,t,h,s
b,a,t,i,k
b,a,t,o,n
b,a,t,o,r
b,a,t,t,u
b,a,t,t,y
b,a,t,u,m
b,a,u,d,o
b,a,u,d,s
b,a,u,e,r
b,a,u,l,k
b,a,w,d,y
b,a,w,l,s
b,a,y,d,a
b,a,y,e,d
b,a,y,l,e
b,a,y,l,y
b,a,y,o,u
b,a,z,o,n
b,a,z,o,o
b,e,a,c,h
b,e,a,d,s
b,e,a,d,y
b,e,a,k,s
b,e,a,l,e
b,e,a,l,l
b,e,a,m,e
b,e,a,m,s
b,e,a,m,y
b,e,a,n,o
b,e,a,n,s
b,e,a,r,d
b,e,a,r,s
b,e,a,s,t
b,e,a,t,s
b,e,a,u,s
b,e,a,u,t
b,e,a,u,x
b,e,b,e,l
b,e,b,o,p
b,e,c,k,y
b,e,d,',s
b,e,d,e,w
b,e,d,i,m
b,e,e,b,e
b,e,e,c,h
b,e,e,f,s
b,e,e,f,y
b,e,e,n,s
b,e,e,p,s
b,e,e,r,s
b,e,e,r,y
b,e,e,t,s
b,e,f,i,t
b,e,f,o,g
b,e,f,o,h
b,e,g,a,d
b,e,g,a,n
b,e,g,a,t
b,e,g,e,t
b,e,g,i,n
b,e,g,o,t
b,e,g,u,m
b,e,g,u,n
b,e,h,a,n
b,e,i,g,e
b,e,i,g,y
b,e,i,n,g
b,e,i,r,a
b,e,l,a,h
b,e,l,a,y
b,e,l,c,h
b,e,l,g,a
b,e,l,g,e
b,e,l,i,e
b,e,l,l,a
b,e,l,l,e
b,e,l,l,s
b,e,l,l,y
b,e,l,o,w
b,e,l,t,s
b,e,m,a,n
b,e,m,b,a
b,e,n,',s
b,e,n,c,h
b,e,n,d,s
b,e,n,d,y
b,e,n,i,n
b,e,n,n,e
b,e,n,n,y
b,e,n,t,s
b,e,n,u,e
b,e,r,a,r
b,e,r,e,a
b,e,r,e,t
b,e,r,g,s
b,e,r,i,a
b,e,r,i,o
b,e,r,k,s
b,e,r,n,e
b,e,r,r,a
b,e,r,r,y
b,e,r,t,h
b,e,r,t,o
b,e,r,y,l
b,e,s,e,t
b,e,s,o,m
b,e,s,o,t
b,e,s,t,s
b,e,t,',s
b,e,t,a,s
b,e,t,e,l
b,e,t,h,e
b,e,t,s,y
b,e,t,t,a
b,e,t,t,e
b,e,t,t,i
b,e,t,t,y
b,e,v,a,n
b,e,v,e,l
b,e,v,i,n
b,e,v,v,y
b,e,z,e,l
b,h,a,n,g
b,i,b,',s
b,i,b,l,e
b,i,c,e,p
b,i,d,',s
b,i,d,d,y
b,i,d,e,d
b,i,d,e,r
b,i,d,e,s
b,i,d,e,t
b,i,e,l,d
b,i,f,i,d
b,i,g,g,s
b,i,g,h,t
b,i,g,l,y
b,i,g,o,t
b,i,h,a,r
b,i,i,s,k
b,i,j,o,u
b,i,k,e,d
b,i,k,e,r
b,i,k,e,s
b,i,k,i,e
b,i,l,b,o
b,i,l,g,e
b,i,l,g,y
b,i,l,k,s
b,i,l,l,s
b,i,l,l,y
b,i,m,a,h
b,i,m,b,o
b,i,n,',s
b,i,n,a,l
b,i,n,d,s
b,i,n,g,e
b,i,n,g,o
b,i,o,m,e
b,i,o,t,a
b,i,p,e,d
b,i,p,o,d
b,i,r,c,h
b,i,r,d,s
b,i,r,o,s
b,i,r,s,e
b,i,r,t,h
b,i,s,o,n
b,i,t,',s
b,i,t,c,h
b,i,t,e,r
b,i,t,e,s
b,i,t,s,y
b,i,t,t,y
b,i,v,v,y
b,i,z,e,t
b,l,a,b,s
b,l,a,c,k
b,l,a,d,e
b,l,a,i,n
b,l,a,i,r
b,l,a,k,e
b,l,a,m,e
b,l,a,n,c
b,l,a,n,d
b,l,a,n,k
b,l,a,r,e
b,l,a,s,e
b,l,a,s,t
b,l,a,t,e
b,l,a,t,z
b,l,a,z,e
b,l,e,a,k
b,l,e,a,r
b,l,e,a,t
b,l,e,c,h
b,l,e,e,d
b,l,e,e,p
b,l,e,n,d
b,l,e,n,t
b,l,e,s,s
b,l,e,s,t
b,l,i,d,a
b,l,i,g,h
b,l,i,m,p
b,l,i,n,d
b,l,i,n,i
b,l,i,n,k
b,l,i,n,n
b,l,i,p,s
b,l,i,s,s
b,l,i,t,z
b,l,o,a,t
b,l,o,b,s
b,l,o,c,h
b,l,o,c,k
b,l,o,c,s
b,l,o,i,s
b,l,o,k,e
b,l,o,n,d
b,l,o,o,d
b,l,o,o,m
b,l,o,o,p
b,l,o,t,s
b,l,o,w,n
b,l,o,w,s
b,l,o,w,y
b,l,u,e,d
b,l,u,e,r
b,l,u,e,s
b,l,u,e,t
b,l,u,e,y
b,l,u,f,f
b,l,u,m,e
b,l,u,n,t
b,l,u,r,b
b,l,u,r,s
b,l,u,r,t
b,l,u,s,h
b,l,y,t,h
b,o,a,r,d
b,o,a,r,t
b,o,a,s,t
b,o,a,t,s
b,o,b,',s
b,o,b,b,y
b,o,b,o,l
b,o,c,c,i
b,o,c,h,e
b,o,d,e,d
b,o,d,e,s
b,o,d,g,e
b,o,e,u,f
b,o,f,f,o
b,o,g,',s
b,o,g,a,n
b,o,g,a,s
b,o,g,e,y
b,o,g,g,s
b,o,g,g,y
b,o,g,i,e
b,o,g,l,e
b,o,g,o,r
b,o,g,u,s
b,o,h,e,a
b,o,h,o,l
b,o,i,e,s
b,o,i,l,s
b,o,i,s,e
b,o,i,t,e
b,o,i,t,o
b,o,l,a,s
b,o,l,e,t
b,o,l,o,s
b,o,l,t,s
b,o,l,u,s
b,o,m,b,e
b,o,m,b,s
b,o,n,c,e
b,o,n,d,s
b,o,n,e,d
b,o,n,e,r
b,o,n,e,s
b,o,n,e,y
b,o,n,g,o
b,o,n,i,n
b,o,n,n,e
b,o,n,n,y
b,o,n,u,s
b,o,n,z,e
b,o,o,b,y
b,o,o,k,s
b,o,o,k,y
b,o,o,l,e
b,o,o,m,s
b,o,o,m,y
b,o,o,n,e
b,o,o,n,g
b,o,o,r,s
b,o,o,s,t
b,o,o,t,h
b,o,o,t,s
b,o,o,t,y
b,o,o,z,e
b,o,o,z,y
b,o,r,a,k
b,o,r,a,x
b,o,r,e,d
b,o,r,e,e
b,o,r,e,r
b,o,r,e,s
b,o,r,i,c
b,o,r,i,s
b,o,r,n,e
b,o,r,n,u
b,o,r,o,n
b,o,s,c,h
b,o,s,k,y
b,o,s,o,m
b,o,s,o,n
b,o,s,s,a
b,o,s,s,y
b,o,s,u,n
b,o,t,a,n
b,o,t,c,h
b,o,t,e,l
b,o,t,h,a
b,o,t,h,y
b,o,u,g,h
b,o,u,l,e
b,o,u,l,t
b,o,u,n,d
b,o,u,r,g
b,o,u,r,n
b,o,u,s,e
b,o,u,t,s
b,o,v,i,d
b,o,w,a,n
b,o,w,e,d
b,o,w,e,l
b,o,w,e,n
b,o,w,e,r
b,o,w,e,s
b,o,w,i,e
b,o,w,l,s
b,o,w,s,e
b,o,x,e,d
b,o,x,e,r
b,o,x,e,s
b,o,y,',s
b,o,y,a,r
b,o,y,c,e
b,o,y,e,r
b,o,y,l,a
b,o,y,l,e
b,o,y,n,e
b,o,z,e,n
b,o,z,o,s
b,r,a,',s
b,r,a,c,e
b,r,a,c,h
b,r,a,c,t
b,r,a,d,y
b,r,a,e,s
b,r,a,g,a
b,r,a,g,g
b,r,a,g,i
b,r,a,g,s
b,r,a,h,e
b,r,a,i,d
b,r,a,i,l
b,r,a,i,n
b,r,a,k,e
b,r,a,k,y
b,r,a,n,d
b,r,a,n,k
b,r,a,n,t
b,r,a,s,h
b,r,a,s,s
b,r,a,t,s
b,r,a,u,n
b,r,a,v,a
b,r,a,v,e
b,r,a,v,o
b,r,a,w,l
b,r,a,w,n
b,r,a,x,y
b,r,a,y,s
b,r,a,z,e
b,r,e,a,d
b,r,e,a,k
b,r,e,a,m
b,r,e,d,a
b,r,e,d,e
b,r,e,e,d
b,r,e,n,t
b,r,e,s,t
b,r,e,t,t
b,r,e,v,e
b,r,e,w,s
b,r,i,a,n
b,r,i,a,r
b,r,i,b,e
b,r,i,c,e
b,r,i,c,k
b,r,i,d,e
b,r,i,e,f
b,r,i,e,n
b,r,i,e,r
b,r,i,g,s
b,r,i,l,l
b,r,i,n,e
b,r,i,n,g
b,r,i,n,k
b,r,i,n,y
b,r,i,s,k
b,r,i,s,t
b,r,o,a,d
b,r,o,c,a
b,r,o,c,h
b,r,o,c,k
b,r,o,i,l
b,r,o,k,e
b,r,o,m,e
b,r,o,m,o
b,r,o,n,c
b,r,o,n,x
b,r,o,o,d
b,r,o,o,k
b,r,o,o,m
b,r,o,s,e
b,r,o,t,h
b,r,o,u,n
b,r,o,w,n
b,r,o,w,s
b,r,u,c,e
b,r,u,c,h
b,r,u,i,n
b,r,u,i,t
b,r,u,l,e
b,r,u,m,e
b,r,u,n,o
b,r,u,n,t
b,r,u,s,a
b,r,u,s,h
b,r,u,s,k
b,r,u,t,e
b,r,y,a,n
b,r,y,c,e
b,u,b,a,l
b,u,b,b,y
b,u,b,e,r
b,u,c,e,r
b,u,c,h,u
b,u,c,k,o
b,u,c,k,s
b,u,c,k,y
b,u,d,',s
b,u,d,d,y
b,u,d,g,e
b,u,e,n,a
b,u,e,n,o
b,u,f,f,i
b,u,f,f,o
b,u,f,f,s
b,u,g,',s
b,u,g,g,y
b,u,g,l,e
b,u,i,c,k
b,u,i,l,d
b,u,i,l,t
b,u,l,b,a
b,u,l,b,s
b,u,l,g,e
b,u,l,g,y
b,u,l,k,s
b,u,l,k,y
b,u,l,l,a
b,u,l,l,e
b,u,l,l,s
b,u,l,l,y
b,u,m,',s
b,u,m,p,h
b,u,m,p,s
b,u,m,p,y
b,u,n,',s
b,u,n,c,h
b,u,n,c,o
b,u,n,d,h
b,u,n,d,u
b,u,n,d,y
b,u,n,i,n
b,u,n,k,o
b,u,n,k,s
b,u,n,n,y
b,u,n,t,s
b,u,o,y,s
b,u,r,a,n
b,u,r,c,h
b,u,r,e,t
b,u,r,i,n
b,u,r,k,a
b,u,r,k,e
b,u,r,l,e
b,u,r,l,y
b,u,r,m,a
b,u,r,n,e
b,u,r,n,s
b,u,r,n,t
b,u,r,o,o
b,u,r,p,s
b,u,r,r,o
b,u,r,r,s
b,u,r,r,y
b,u,r,s,a
b,u,r,s,e
b,u,r,s,t
b,u,r,t,t
b,u,s,b,y
b,u,s,c,h
b,u,s,e,d
b,u,s,e,s
b,u,s,h,y
b,u,s,r,a
b,u,s,t,s
b,u,s,t,y
b,u,t,a,t
b,u,t,c,h
b,u,t,e,o
b,u,t,t,e
b,u,t,t,s
b,u,t,t,y
b,u,t,u,t
b,u,t,y,l
b,u,x,o,m
b,u,y,e,r
b,u,z,z,y
b,w,a,n,a
b,y,e,r,s
b,y,l,a,w
b,y,l,o,t
b,y,r,n,e
b,y,r,o,n
b,y,t,e,s
b,y,t,o,m
b,y,w,a,y
c,a,b,',s
c,a,b,a,l
c,a,b,b,y
c,a,b,e,r
c,a,b,i,n
c,a,b,l,e
c,a,b,o,b
c,a,b,o,t
c,a,c,a,o
c,a,c,h,e
c,a,c,t,i
c,a,d,d,y
c,a,d,e,t
c,a,d,g,e
c,a,d,r,e
c,a,f,e,s
c,a,g,e,d
c,a,g,e,r
c,a,g,e,s
c,a,g,e,y
c,a,i,n,e
c,a,i,r,d
c,a,i,r,n
c,a,i,r,o
c,a,i,u,s
c,a,j,u,n
c,a,k,e,d
c,a,k,e,s
c,a,l,e,b
c,a,l,f,s
c,a,l,i,f
c,a,l,i,x
c,a,l,l,a
c,a,l,l,s
c,a,l,m,s
c,a,l,o,r
c,a,l,p,e
c,a,l,v,e
c,a,l,y,x
c,a,m,e,l
c,a,m,e,o
c,a,m,p,o
c,a,m,p,s
c,a,m,p,y
c,a,m,u,s
c,a,n,',s
c,a,n,',t
c,a,n,a,l
c,a,n,d,y
c,a,n,e,a
c,a,n,e,d
c,a,n,e,r
c,a,n,e,s
c,a,n,i,s
c,a,n,n,a
c,a,n,n,y
c,a,n,o,e
c,a,n,o,n
c,a,n,s,o
c,a,n,s,t
c,a,n,t,o
c,a,n,t,y
c,a,p,',s
c,a,p,e,r
c,a,p,e,s
c,a,p,e,t
c,a,p,o,n
c,a,p,p,y
c,a,p,r,i
c,a,p,u,a
c,a,p,u,t
c,a,r,',s
c,a,r,a,t
c,a,r,b,y
c,a,r,d,s
c,a,r,e,d
c,a,r,e,r
c,a,r,e,s
c,a,r,e,t
c,a,r,e,w
c,a,r,e,y
c,a,r,g,o
c,a,r,i,a
c,a,r,i,b
c,a,r,l,a
c,a,r,l,e
c,a,r,l,o
c,a,r,n,e
c,a,r,n,y
c,a,r,o,b
c,a,r,o,l
c,a,r,o,m
c,a,r,p,i
c,a,r,p,s
c,a,r,r,y
c,a,r,s,e
c,a,r,t,e
c,a,r,t,s
c,a,r,t,y
c,a,r,v,e
c,a,s,e,d
c,a,s,e,s
c,a,s,e,y
c,a,s,k,s
c,a,s,t,e
c,a,s,t,s
c,a,t,',s
c,a,t,c,h
c,a,t,e,r
c,a,t,e,s
c,a,t,h,y
c,a,t,t,y
c,a,u,c,a
c,a,u,l,k
c,a,u,s,e
c,a,v,a,n
c,a,v,e,d
c,a,v,e,r
c,a,v,e,s
c,a,v,i,e
c,a,v,i,l
c,a,w,e,d
c,a,y,e,s
c,d,c,',s
c,e,a,s,e
c,e,c,i,l
c,e,c,u,m
c,e,d,a,r
c,e,d,e,d
c,e,d,e,r
c,e,i,b,a
c,e,l,i,a
c,e,l,l,a
c,e,l,l,e
c,e,l,l,o
c,e,l,l,s
c,e,l,o,m
c,e,n,i,s
c,e,n,s,e
c,e,n,t,o
c,e,n,t,s
c,e,o,r,l
c,e,r,a,m
c,e,r,e,s
c,e,r,i,a
c,e,r,i,c
c,e,r,r,o
c,e,s,t,a
c,e,s,t,i
c,e,t,u,s
c,e,u,t,a
c,h,a,c,o
c,h,a,f,e
c,h,a,f,f
c,h,a,i,n
c,h,a,i,r
c,h,a,l,k
c,h,a,m,p
c,h,a,n,g
c,h,a,n,t
c,h,a,o,s
c,h,a,p,e
c,h,a,p,s
c,h,a,r,d
c,h,a,r,e
c,h,a,r,m
c,h,a,r,r
c,h,a,r,s
c,h,a,r,t
c,h,a,r,y
c,h,a,s,e
c,h,a,s,m
c,h,a,t,s
c,h,e,a,p
c,h,e,a,t
c,h,e,c,k
c,h,e,e,k
c,h,e,e,p
c,h,e,e,r
c,h,e,f,s
c,h,e,j,u
c,h,e,l,a
c,h,e,l,p
c,h,e,n,g
c,h,e,r,t
c,h,e,s,s
c,h,e,s,t
c,h,e,v,y
c,h,e,w,a
c,h,e,w,s
c,h,e,w,y
c,h,i,a,n
c,h,i,a,t
c,h,i,b,a
c,h,i,c,k
c,h,i,d,e
c,h,i,e,f
c,h,i,l,d
c,h,i,l,e
c,h,i,l,i
c,h,i,l,l
c,h,i,m,b
c,h,i,m,e
c,h,i,m,p
c,h,i,n,a
c,h,i,n,e
c,h,i,n,g
c,h,i,n,k
c,h,i,n,o
c,h,i,n,s
c,h,i,o,s
c,h,i,p,s
c,h,i,r,m
c,h,i,r,p
c,h,i,t,a
c,h,i,t,s
c,h,i,v,e
c,h,i,v,y
c,h,l,o,e
c,h,o,c,k
c,h,o,c,o
c,h,o,i,r
c,h,o,k,e
c,h,o,k,o
c,h,o,k,y
c,h,o,l,i
c,h,o,m,p
c,h,o,o,f
c,h,o,o,k
c,h,o,o,m
c,h,o,p,s
c,h,o,r,d
c,h,o,r,e
c,h,o,s,e
c,h,o,t,a
c,h,o,t,t
c,h,o,u,x
c,h,r,i,s
c,h,u,b,b
c,h,u,b,s
c,h,u,c,k
c,h,u,f,a
c,h,u,f,f
c,h,u,g,s
c,h,u,m,p
c,h,u,m,s
c,h,u,n,g
c,h,u,n,k
c,h,u,r,l
c,h,u,r,n
c,h,u,r,r
c,h,u,t,e
c,h,y,l,e
c,h,y,m,e
c,i,d,e,r
c,i,g,a,r
c,i,l,i,a
c,i,m,e,x
c,i,m,o,n
c,i,n,c,h
c,i,n,d,y
c,i,n,n,a
c,i,r,c,a
c,i,r,c,e
c,i,r,r,i
c,i,s,c,o
c,i,t,e,d
c,i,t,e,s
c,i,v,e,t
c,i,v,i,c
c,i,v,i,e
c,i,v,i,l
c,i,v,v,y
c,l,a,c,k
c,l,a,d,s
c,l,a,i,m
c,l,a,m,p
c,l,a,m,s
c,l,a,n,g
c,l,a,n,k
c,l,a,n,s
c,l,a,p,s
c,l,a,r,a
c,l,a,r,e
c,l,a,r,k
c,l,a,r,o
c,l,a,r,y
c,l,a,s,h
c,l,a,s,p
c,l,a,s,s
c,l,a,u,s
c,l,a,v,e
c,l,a,w,s
c,l,a,y,s
c,l,e,a,n
c,l,e,a,r
c,l,e,a,t
c,l,e,c,k
c,l,e,e,k
c,l,e,f,s
c,l,e,f,t
c,l,e,o,n
c,l,e,p,e
c,l,e,r,k
c,l,e,v,e
c,l,i,c,k
c,l,i,f,f
c,l,i,m,b
c,l,i,m,e
c,l,i,n,e
c,l,i,n,g
c,l,i,n,k
c,l,i,n,t
c,l,i,p,s
c,l,i,v,e
c,l,o,a,k
c,l,o,c,k
c,l,o,d,s
c,l,o,g,s
c,l,o,m,b
c,l,o,m,p
c,l,o,n,e
c,l,o,n,k
c,l,o,p,s
c,l,o,s,e
c,l,o,t,h
c,l,o,u,d
c,l,o,u,t
c,l,o,v,e
c,l,o,w,n
c,l,u,b,s
c,l,u,c,k
c,l,u,e,s
c,l,u,m,p
c,l,u,n,g
c,l,u,n,k
c,l,u,n,y
c,l,v,i,i
c,l,w,y,d
c,l,x,i,i
c,l,x,i,v
c,l,x,i,x
c,l,x,v,i
c,l,y,d,e
c,l,y,p,e
c,o,a,c,h
c,o,a,c,t
c,o,a,l,s
c,o,a,p,t
c,o,a,s,t
c,o,a,t,i
c,o,a,t,s
c,o,b,',s
c,o,b,b,y
c,o,b,i,a
c,o,b,l,e
c,o,b,o,l
c,o,b,r,a
c,o,c,c,i
c,o,c,k,s
c,o,c,k,y
c,o,c,o,a
c,o,c,o,s
c,o,d,e,d
c,o,d,e,r
c,o,d,e,s
c,o,d,e,x
c,o,d,o,n
c,o,e,d,s
c,o,e,u,r
c,o,g,o,n
c,o,h,e,n
c,o,i,g,n
c,o,i,l,s
c,o,i,n,s
c,o,i,r,e
c,o,k,e,s
c,o,l,b,y
c,o,l,d,s
c,o,l,e,s
c,o,l,e,t
c,o,l,e,y
c,o,l,i,c
c,o,l,l,y
c,o,l,o,g
c,o,l,o,n
c,o,l,o,r
c,o,l,t,s
c,o,l,u,m
c,o,l,z,a
c,o,m,a,e
c,o,m,a,s
c,o,m,b,e
c,o,m,b,o
c,o,m,b,s
c,o,m,e,r
c,o,m,e,s
c,o,m,e,t
c,o,m,f,y
c,o,m,i,c
c,o,m,m,a
c,o,m,m,o
c,o,m,p,o
c,o,m,t,e
c,o,m,u,s
c,o,n,a,n
c,o,n,c,h
c,o,n,d,o
c,o,n,e,d
c,o,n,e,s
c,o,n,e,y
c,o,n,g,a
c,o,n,g,o
c,o,n,i,c
c,o,n,k,s
c,o,n,t,o
c,o,o,c,h
c,o,o,e,e
c,o,o,k,e
c,o,o,k,s
c,o,o,k,y
c,o,o,l,s
c,o,o,m,b
c,o,o,n,s
c,o,o,p,s
c,o,o,p,t
c,o,o,r,s
c,o,p,',s
c,o,p,a,l
c,o,p,e,d
c,o,p,e,r
c,o,p,e,s
c,o,p,r,a
c,o,p,s,e
c,o,r,a,l
c,o,r,b,y
c,o,r,d,s
c,o,r,e,d
c,o,r,e,r
c,o,r,e,s
c,o,r,e,y
c,o,r,f,u
c,o,r,g,i
c,o,r,k,s
c,o,r,k,y
c,o,r,n,o
c,o,r,n,s
c,o,r,n,u
c,o,r,n,y
c,o,r,o,t
c,o,r,p,s
c,o,r,s,e
c,o,s,e,c
c,o,s,e,t
c,o,s,m,o
c,o,s,t,a
c,o,s,t,s
c,o,t,',s
c,o,t,a,n
c,o,t,t,a
c,o,t,t,y
c,o,u,c,h
c,o,u,g,h
c,o,u,l,d
c,o,u,n,t
c,o,u,p,e
c,o,u,p,s
c,o,u,r,t
c,o,u,t,h
c,o,v,e,n
c,o,v,e,r
c,o,v,e,s
c,o,v,e,t
c,o,v,e,y
c,o,v,i,n
c,o,w,a,n
c,o,w,e,d
c,o,w,e,r
c,o,w,e,s
c,o,w,l,s
c,o,w,r,y
c,o,y,l,y
c,o,y,p,u
c,o,z,e,n
c,p,u,',s
c,r,a,a,l
c,r,a,b,s
c,r,a,c,k
c,r,a,f,t
c,r,a,g,s
c,r,a,i,g
c,r,a,k,e
c,r,a,m,p
c,r,a,m,s
c,r,a,n,e
c,r,a,n,k
c,r,a,p,e
c,r,a,p,s
c,r,a,s,h
c,r,a,s,s
c,r,a,t,e
c,r,a,v,e
c,r,a,w,l
c,r,a,y,s
c,r,a,z,e
c,r,a,z,y
c,r,e,a,k
c,r,e,a,m
c,r,e,d,o
c,r,e,e,d
c,r,e,e,k
c,r,e,e,l
c,r,e,e,p
c,r,e,o,n
c,r,e,p,e
c,r,e,p,t
c,r,e,p,y
c,r,e,s,s
c,r,e,s,t
c,r,e,t,e
c,r,e,w,e
c,r,e,w,s
c,r,i,b,s
c,r,i,c,k
c,r,i,e,d
c,r,i,e,r
c,r,i,e,s
c,r,i,m,e
c,r,i,m,p
c,r,i,s,p
c,r,i,s,s
c,r,o,a,k
c,r,o,a,t
c,r,o,c,e
c,r,o,c,k
c,r,o,f,t
c,r,o,i,x
c,r,o,n,e
c,r,o,n,k
c,r,o,n,y
c,r,o,o,k
c,r,o,o,n
c,r,o,p,s
c,r,o,r,e
c,r,o,s,s
c,r,o,u,p
c,r,o,w,d
c,r,o,w,n
c,r,o,w,s
c,r,o,z,e
c,r,u,c,k
c,r,u,d,e
c,r,u,e,l
c,r,u,e,t
c,r,u,f,t
c,r,u,m,b
c,r,u,m,p
c,r,u,r,a
c,r,u,s,e
c,r,u,s,h
c,r,u,s,t
c,r,w,t,h
c,r,y,e,r
c,r,y,p,t
c,r,y,s,t
c,s,n,e,t
c,u,b,',s
c,u,b,a,n
c,u,b,b,y
c,u,b,e,b
c,u,b,e,d
c,u,b,e,r
c,u,b,e,s
c,u,b,i,c
c,u,b,i,t
c,u,d,d,y
c,u,f,f,s
c,u,f,i,c
c,u,i,n,g
c,u,l,c,h
c,u,l,e,t
c,u,l,e,x
c,u,l,l,s
c,u,l,l,y
c,u,l,p,a
c,u,l,t,s
c,u,m,a,e
c,u,m,i,n
c,u,n,e,o
c,u,p,',s
c,u,p,e,l
c,u,p,i,d
c,u,p,p,a
c,u,p,p,y
c,u,r,b,s
c,u,r,c,h
c,u,r,d,s
c,u,r,e,d
c,u,r,e,r
c,u,r,e,s
c,u,r,e,t
c,u,r,i,a
c,u,r,i,e
c,u,r,i,o
c,u,r,l,s
c,u,r,l,y
c,u,r,r,y
c,u,r,s,e
c,u,r,s,t
c,u,r,v,e
c,u,r,v,y
c,u,s,c,o
c,u,s,e,c
c,u,s,h,y
c,u,s,p,s
c,u,t,',s
c,u,t,c,h
c,u,t,e,r
c,u,t,e,s
c,u,t,e,y
c,u,t,i,e
c,u,t,i,n
c,u,t,i,s
c,u,t,t,y
c,u,t,u,p
c,u,z,c,o
c,y,b,e,r
c,y,c,a,d
c,y,c,l,e
c,y,c,l,o
c,y,d,e,r
c,y,l,i,x
c,y,m,a,r
c,y,m,r,u
c,y,n,i,c
c,y,r,i,l
c,y,r,u,s
c,y,s,t,s
c,y,t,o,n
c,z,e,c,h
d,',a,r,t
d,a,c,c,a
d,a,c,h,a
d,a,c,i,a
d,a,d,',s
d,a,d,d,y
d,a,d,r,a
d,a,f,f,y
d,a,g,a,n
d,a,g,g,a
d,a,g,o,n
d,a,h,n,a
d,a,i,l,y
d,a,i,r,y
d,a,i,s,y
d,a,k,a,r
d,a,l,a,i
d,a,l,e,s
d,a,l,e,y
d,a,l,l,y
d,a,m,',s
d,a,m,e,d
d,a,m,n,s
d,a,m,o,n
d,a,m,p,s
d,a,n,',s
d,a,n,c,e
d,a,n,d,y
d,a,n,e,s
d,a,n,i,o
d,a,n,n,y
d,a,n,t,e
d,a,r,a,f
d,a,r,b,y
d,a,r,c,y
d,a,r,e,d
d,a,r,e,r
d,a,r,e,s
d,a,r,i,c
d,a,r,i,o
d,a,r,k,s
d,a,r,n,s
d,a,r,p,a
d,a,r,r,y
d,a,r,t,s
d,a,r,y,l
d,a,t,e,d
d,a,t,e,r
d,a,t,e,s
d,a,t,u,k
d,a,t,u,m
d,a,u,b,e
d,a,u,b,s
d,a,u,n,t
d,a,v,a,o
d,a,v,i,d
d,a,v,i,e
d,a,v,i,s
d,a,v,i,t
d,a,w,e,s
d,a,w,n,s
d,a,y,',s
d,a,y,a,k
d,a,y,a,n
d,a,z,e,d
d,a,z,e,s
d,e,a,l,s
d,e,a,l,t
d,e,a,n,e
d,e,a,n,s
d,e,a,r,s
d,e,a,r,y
d,e,a,t,h
d,e,b,a,g
d,e,b,a,r
d,e,b,b,y
d,e,b,i,t
d,e,b,r,a
d,e,b,t,s
d,e,b,u,g
d,e,b,u,s
d,e,b,u,t
d,e,b,y,e
d,e,c,a,l
d,e,c,a,y
d,e,c,c,a
d,e,c,k,s
d,e,c,o,r
d,e,c,o,y
d,e,c,r,y
d,e,d,a,l
d,e,e,',s
d,e,e,d,s
d,e,e,m,s
d,e,e,p,s
d,e,e,r,e
d,e,e,r,s
d,e,f,a,t
d,e,f,e,r
d,e,f,o,e
d,e,f,y,s
d,e,g,a,s
d,e,g,u,m
d,e,h,r,a
d,e,i,f,y
d,e,i,g,n
d,e,i,s,m
d,e,i,s,t
d,e,i,t,y
d,e,k,k,o
d,e,l,a,y
d,e,l,f,t
d,e,l,h,i
d,e,l,i,a
d,e,l,i,s
d,e,l,l,a
d,e,l,l,s
d,e,l,o,s
d,e,l,t,a
d,e,l,v,e
d,e,m,i,t
d,e,m,o,b
d,e,m,o,n
d,e,m,o,s
d,e,m,u,r
d,e,n,',s
d,e,n,e,b
d,e,n,i,m
d,e,n,i,s
d,e,n,i,z
d,e,n,n,y
d,e,n,s,e
d,e,n,t,s
d,e,n,y,s
d,e,p,o,t
d,e,p,t,h
d,e,r,b,y
d,e,r,e,k
d,e,r,m,a
d,e,r,r,y
d,e,s,a,i
d,e,s,e,x
d,e,s,k,s
d,e,t,a,b
d,e,t,e,r
d,e,u,c,e
d,e,v,i,l
d,e,v,o,n
d,e,w,a,n
d,e,w,a,r
d,e,w,e,d
d,e,w,e,y
d,h,a,b,i
d,h,o,b,i
d,h,o,l,e
d,h,o,t,i
d,i,a,l,s
d,i,a,n,a
d,i,a,n,e
d,i,a,r,y
d,i,a,z,o
d,i,c,e,r
d,i,c,e,s
d,i,c,e,y
d,i,c,k,s
d,i,c,k,y
d,i,c,t,a
d,i,e,g,o
d,i,e,t,s
d,i,e,t,y
d,i,e,t,z
d,i,e,u,x
d,i,g,h,t
d,i,g,i,t
d,i,j,o,n
d,i,k,e,r
d,i,k,e,s
d,i,l,d,o
d,i,l,l,y
d,i,m,e,r
d,i,m,e,s
d,i,m,l,y
d,i,n,a,h
d,i,n,a,r
d,i,n,e,d
d,i,n,e,r
d,i,n,e,s
d,i,n,g,e
d,i,n,g,o
d,i,n,g,y
d,i,n,k,a
d,i,n,k,y
d,i,o,d,e
d,i,o,n,e
d,i,p,o,d
d,i,p,p,y
d,i,r,a,c
d,i,r,e,r
d,i,r,g,e
d,i,r,t,s
d,i,r,t,y
d,i,s,c,o
d,i,s,c,s
d,i,s,h,y
d,i,s,k,s
d,i,t,c,h
d,i,t,t,o
d,i,t,t,y
d,i,v,a,n
d,i,v,e,d
d,i,v,e,r
d,i,v,e,s
d,i,v,o,t
d,i,v,v,y
d,i,x,i,e
d,i,x,o,n
d,i,z,e,n
d,i,z,z,y
d,j,a,j,a
d,o,b,b,s
d,o,b,b,y
d,o,b,l,a
d,o,b,r,o
d,o,c,k,s
d,o,d,g,e
d,o,d,g,y
d,o,d,o,s
d,o,e,r,s
d,o,e,s,e
d,o,f,f,s
d,o,g,',s
d,o,g,g,o
d,o,g,g,y
d,o,g,m,a
d,o,i,l,y
d,o,i,n,g
d,o,l,a,n
d,o,l,b,y
d,o,l,c,e
d,o,l,e,d
d,o,l,e,s
d,o,l,l,s
d,o,l,l,y
d,o,l,o,r
d,o,m,e,d
d,o,m,e,s
d,o,n,',t
d,o,n,a,r
d,o,n,a,u
d,o,n,e,e
d,o,n,g,a
d,o,n,n,a
d,o,n,n,e
d,o,n,n,y
d,o,n,o,r
d,o,n,u,t
d,o,o,m,s
d,o,o,r,n
d,o,o,r,s
d,o,p,e,d
d,o,p,e,r
d,o,p,e,s
d,o,p,e,y
d,o,r,i,a
d,o,r,i,c
d,o,r,i,s
d,o,r,m,y
d,o,r,t,y
d,o,s,e,d
d,o,s,e,s
d,o,t,',s
d,o,t,a,l
d,o,t,e,d
d,o,t,e,r
d,o,t,e,s
d,o,t,t,y
d,o,u,a,i
d,o,u,a,y
d,o,u,b,s
d,o,u,b,t
d,o,u,c,e
d,o,u,g,h
d,o,u,r,a
d,o,u,r,o
d,o,u,s,e
d,o,v,a,p
d,o,v,e,r
d,o,v,e,s
d,o,w,d,y
d,o,w,e,l
d,o,w,e,r
d,o,w,n,s
d,o,w,n,y
d,o,w,r,y
d,o,w,s,e
d,o,y,e,n
d,o,y,l,e
d,o,z,e,d
d,o,z,e,n
d,o,z,e,r
d,o,z,e,s
d,r,a,b,s
d,r,a,c,o
d,r,a,f,f
d,r,a,f,t
d,r,a,g,s
d,r,a,i,l
d,r,a,i,n
d,r,a,k,e
d,r,a,m,a
d,r,a,n,k
d,r,a,p,e
d,r,a,v,a
d,r,a,w,l
d,r,a,w,n
d,r,a,w,s
d,r,e,a,d
d,r,e,a,m
d,r,e,a,r
d,r,e,c,k
d,r,e,g,s
d,r,e,s,s
d,r,i,b,s
d,r,i,e,d
d,r,i,e,r
d,r,i,e,s
d,r,i,f,t
d,r,i,l,l
d,r,i,l,y
d,r,i,n,k
d,r,i,p,s
d,r,i,v,e
d,r,o,i,t
d,r,o,l,l
d,r,o,n,e
d,r,o,o,b
d,r,o,o,l
d,r,o,o,p
d,r,o,p,s
d,r,o,s,s
d,r,o,v,e
d,r,o,w,n
d,r,u,g,s
d,r,u,i,d
d,r,u,m,s
d,r,u,n,k
d,r,u,p,e
d,r,u,r,y
d,r,u,s,e
d,r,y,a,d
d,r,y,e,r
d,r,y,l,y
d,u,a,l,a
d,u,a,l,s
d,u,a,n,e
d,u,b,a,i
d,u,b,h,e
d,u,c,a,l
d,u,c,a,t
d,u,c,e,s
d,u,c,h,y
d,u,c,k,s
d,u,c,k,y
d,u,c,t,s
d,u,e,l,s
d,u,e,r,o
d,u,e,t,s
d,u,f,f,y
d,u,g,a,n
d,u,k,a,s
d,u,k,e,s
d,u,l,i,a
d,u,l,l,s
d,u,l,l,y
d,u,l,s,e
d,u,m,a,s
d,u,m,k,a
d,u,m,m,y
d,u,m,p,o
d,u,m,p,s
d,u,m,p,y
d,u,n,a,j
d,u,n,c,e
d,u,n,e,s
d,u,n,g,y
d,u,n,n,e
d,u,n,n,o
d,u,n,n,y
d,u,o,m,o
d,u,p,e,d
d,u,p,e,r
d,u,p,e,s
d,u,p,l,e
d,u,p,p,y
d,u,p,r,e
d,u,q,u,e
d,u,r,e,r
d,u,r,e,x
d,u,r,o,c
d,u,r,o,s
d,u,r,r,a
d,u,r,s,t
d,u,r,u,m
d,u,r,z,i
d,u,s,k,y
d,u,s,t,s
d,u,s,t,y
d,u,t,c,h
d,u,v,e,t
d,v,i,n,a
d,w,a,l,e
d,w,a,r,f
d,w,e,l,l
d,w,e,l,t
d,w,y,e,r
d,y,a,d,s
d,y,e,r,s
d,y,f,e,d
d,y,i,n,g
d,y,k,e,s
d,y,l,a,n
d,y,u,l,a
e,a,g,a,n
e,a,g,e,r
e,a,g,l,e
e,a,g,r,e
e,a,n,e,s
e,a,r,e,d
e,a,r,l,s
e,a,r,l,y
e,a,r,n,s
e,a,r,o,m
e,a,r,t,h
e,a,s,e,d
e,a,s,e,l
e,a,s,e,r
e,a,s,e,s
e,a,s,t,s
e,a,t,e,n
e,a,t,e,r
e,a,t,o,n
e,a,v,e,s
e,b,b,e,d
e,b,e,r,t
e,b,l,i,s
e,b,o,n,y
e,c,h,o,s
e,c,l,a,t
e,c,o,l,e
e,d,a,l,e
e,d,d,i,e
e,d,e,m,a
e,d,g,a,r
e,d,g,e,d
e,d,g,e,r
e,d,g,e,s
e,d,i,c,t
e,d,i,f,y
e,d,i,l,e
e,d,i,t,h
e,d,i,t,s
e,d,u,c,e
e,d,u,c,t
e,d,w,i,n
e,e,l,',s
e,e,r,i,e
e,f,f,i,e
e,g,a,',s
e,g,a,d,s
e,g,e,s,t
e,g,g,e,d
e,g,g,e,r
e,g,h,a,m
e,g,r,e,t
e,g,y,p,t
e,i,d,e,r
e,i,g,e,r
e,i,g,h,t
e,i,k,o,n
e,i,l,a,t
e,j,e,c,t
e,k,i,n,g
e,l,a,n,d
e,l,a,t,e
e,l,b,o,w
e,l,d,e,r
e,l,d,o,n
e,l,e,c,t
e,l,e,g,y
e,l,e,i,a
e,l,e,m,i
e,l,e,n,a
e,l,f,i,n
e,l,g,a,r
e,l,g,i,n
e,l,g,o,n
e,l,i,a,s
e,l,i,d,e
e,l,i,o,t
e,l,i,s,e
e,l,i,s,p
e,l,i,t,e
e,l,k,',s
e,l,l,e,n
e,l,l,i,e
e,l,l,i,s
e,l,m,e,r
e,l,o,p,e
e,l,r,o,y
e,l,s,a,n
e,l,s,i,e
e,l,t,o,n
e,l,u,d,e
e,l,u,t,e
e,l,v,e,r
e,l,v,e,s
e,l,v,i,s
e,l,y,',s
e,l,y,o,t
e,m,a,c,s
e,m,a,i,l
e,m,b,a,y
e,m,b,e,d
e,m,b,e,r
e,m,b,o,w
e,m,b,u,s
e,m,c,e,e
e,m,d,e,n
e,m,e,n,d
e,m,e,r,y
e,m,i,l,e
e,m,i,l,y
e,m,i,t,s
e,m,m,e,n
e,m,m,e,r
e,m,m,e,t
e,m,o,r,y
e,m,o,t,e
e,m,p,t,y
e,n,a,c,t
e,n,a,t,e
e,n,d,e,d
e,n,d,e,r
e,n,d,o,w
e,n,d,u,e
e,n,e,m,a
e,n,e,m,y
e,n,g,e,l
e,n,g,l,e
e,n,j,o,y
e,n,n,i,s
e,n,n,u,i
e,n,o,c,h
e,n,r,o,l
e,n,s,o,r
e,n,s,u,e
e,n,t,e,r
e,n,t,r,y
e,n,u,g,u
e,n,u,r,e
e,n,v,e,r
e,n,v,o,i
e,n,v,o,y
e,n,z,e,d
e,o,l,i,c
e,o,n,',s
e,o,s,i,n
e,p,a,c,t
e,p,h,a,h
e,p,h,o,d
e,p,h,o,r
e,p,i,c,s
e,p,o,c,h
e,p,o,d,e
e,p,o,x,y
e,p,r,o,m
e,p,s,o,m
e,q,u,a,l
e,q,u,i,p
e,r,a,',s
e,r,a,s,e
e,r,a,t,o
e,r,e,c,t
e,r,g,o,t
e,r,i,c,a
e,r,i,c,h
e,r,i,k,a
e,r,i,t,h
e,r,n,i,e
e,r,n,s,t
e,r,o,d,e
e,r,o,s,e
e,r,r,e,d
e,r,r,o,l
e,r,r,o,r
e,r,u,c,t
e,r,u,p,t
e,r,v,i,n
e,r,w,i,n
e,s,a,k,i
e,s,c,o,t
e,s,h,e,r
e,s,k,e,r
e,s,p,o,o
e,s,s,a,y
e,s,s,e,n
e,s,s,e,x
e,s,t,e,r
e,s,t,e,s
e,s,t,o,p
e,t,h,a,n
e,t,h,e,l
e,t,h,e,r
e,t,h,i,c
e,t,h,o,s
e,t,h,y,l
e,t,u,d,e
e,t,z,e,l
e,u,c,r,e
e,u,l,e,r
e,u,p,e,n
e,u,r,u,s
e,v,a,d,e
e,v,a,n,s
e,v,e,n,s
e,v,e,n,t
e,v,e,r,t
e,v,e,r,y
e,v,i,c,t
e,v,i,l,s
e,v,i,t,e
e,v,o,k,e
e,w,e,',s
e,w,i,n,g
e,x,a,c,t
e,x,a,l,t
e,x,a,m,s
e,x,c,e,l
e,x,e,a,t
e,x,e,r,t
e,x,i,l,e
e,x,i,n,e
e,x,i,s,t
e,x,i,t,s
e,x,p,e,l
e,x,p,o,s
e,x,t,o,l
e,x,t,r,a
e,x,u,d,e
e,x,u,l,t
e,x,x,o,n
e,y,e,r,s
e,y,i,n,g
e,y,o,t,s
e,y,r,i,e
e,y,r,i,r
f,a,b,e,r
f,a,b,l,e
f,a,b,r,e
f,a,c,e,d
f,a,c,e,r
f,a,c,e,s
f,a,c,e,t
f,a,c,i,a
f,a,c,t,o
f,a,c,t,s
f,a,d,e,d
f,a,d,e,r
f,a,d,e,s
f,a,d,g,e
f,a,e,r,y
f,a,g,i,n
f,a,h,e,y
f,a,i,a,l
f,a,i,l,s
f,a,i,n,t
f,a,i,r,s
f,a,i,r,y
f,a,i,t,h
f,a,k,e,d
f,a,k,e,r
f,a,k,e,s
f,a,k,i,r
f,a,l,l,a
f,a,l,l,s
f,a,l,s,e
f,a,l,u,n
f,a,m,e,d
f,a,m,e,s
f,a,n,',s
f,a,n,c,y
f,a,n,g,o
f,a,n,g,s
f,a,n,n,y
f,a,n,o,n
f,a,n,t,i
f,a,q,',s
f,a,q,i,r
f,a,r,a,d
f,a,r,c,e
f,a,r,c,i
f,a,r,c,y
f,a,r,e,d
f,a,r,e,r
f,a,r,e,s
f,a,r,g,o
f,a,r,m,s
f,a,r,o,e
f,a,r,u,k
f,a,s,t,s
f,a,t,a,h
f,a,t,a,l
f,a,t,e,d
f,a,t,e,s
f,a,t,l,y
f,a,t,s,o
f,a,t,t,y
f,a,u,g,h
f,a,u,l,t
f,a,u,n,a
f,a,u,r,e
f,a,u,s,t
f,a,u,v,e
f,a,v,o,r
f,a,v,u,s
f,a,w,n,s
f,a,w,n,y
f,a,x,',s
f,a,x,e,s
f,a,y,a,l
f,a,y,u,m
f,a,z,e,d
f,a,z,e,s
f,e,a,r,s
f,e,a,s,t
f,e,a,t,s
f,e,a,z,e
f,e,c,a,l
f,e,c,e,s
f,e,e,d,s
f,e,e,l,s
f,e,e,z,e
f,e,i,g,n
f,e,i,n,t
f,e,i,s,t
f,e,l,i,x
f,e,l,l,a
f,e,l,l,s
f,e,l,o,n
f,e,l,t,s
f,e,m,m,e
f,e,m,u,r
f,e,n,c,e
f,e,n,n,y
f,e,o,f,f
f,e,r,a,l
f,e,r,i,a
f,e,r,m,i
f,e,r,n,s
f,e,r,n,y
f,e,r,r,o
f,e,r,r,y
f,e,s,s,e
f,e,t,a,l
f,e,t,c,h
f,e,t,e,d
f,e,t,e,s
f,e,t,i,d
f,e,t,o,r
f,e,t,u,s
f,e,u,d,s
f,e,v,e,r
f,e,w,e,r
f,e,z,e,s
f,i,a,t,s
f,i,b,e,r
f,i,b,r,e
f,i,b,r,o
f,i,c,h,e
f,i,c,h,u
f,i,c,u,s
f,i,d,e,l
f,i,d,g,e
f,i,d,u,s
f,i,e,l,d
f,i,e,n,d
f,i,e,r,i
f,i,e,r,y
f,i,f,t,h
f,i,f,t,y
f,i,g,',s
f,i,g,h,t
f,i,l,a,r
f,i,l,c,h
f,i,l,e,d
f,i,l,e,r
f,i,l,e,s
f,i,l,e,t
f,i,l,l,e
f,i,l,l,s
f,i,l,l,y
f,i,l,m,s
f,i,l,m,y
f,i,l,t,h
f,i,l,u,m
f,i,n,',s
f,i,n,a,l
f,i,n,c,h
f,i,n,d,s
f,i,n,e,d
f,i,n,e,r
f,i,n,e,s
f,i,n,g,o
f,i,n,i,s
f,i,n,n,s
f,i,n,n,y
f,i,o,r,d
f,i,o,r,i
f,i,r,e,d
f,i,r,e,r
f,i,r,e,s
f,i,r,m,a
f,i,r,m,s
f,i,r,r,y
f,i,r,s,t
f,i,r,t,h
f,i,s,h,y
f,i,s,k,e
f,i,s,t,s
f,i,t,c,h
f,i,t,l,y
f,i,u,m,e
f,i,v,e,r
f,i,v,e,s
f,i,x,e,d
f,i,x,e,r
f,i,x,e,s
f,i,z,z,y
f,j,o,r,d
f,l,a,c,k
f,l,a,g,s
f,l,a,i,l
f,l,a,i,r
f,l,a,k,e
f,l,a,k,y
f,l,a,m,b
f,l,a,m,e
f,l,a,n,k
f,l,a,p,s
f,l,a,r,e
f,l,a,s,h
f,l,a,s,k
f,l,a,t,s
f,l,a,w,s
f,l,a,x,y
f,l,e,a,m
f,l,e,a,s
f,l,e,c,k
f,l,e,e,r
f,l,e,e,s
f,l,e,e,t
f,l,e,s,h
f,l,e,w,s
f,l,e,x,o
f,l,i,c,k
f,l,i,e,r
f,l,i,e,s
f,l,i,n,g
f,l,i,n,t
f,l,i,p,s
f,l,i,r,t
f,l,i,t,e
f,l,i,t,s
f,l,o,',s
f,l,o,a,t
f,l,o,c,k
f,l,o,e,s
f,l,o,g,s
f,l,o,n,g
f,l,o,o,d
f,l,o,o,r
f,l,o,p,s
f,l,o,r,a
f,l,o,r,y
f,l,o,s,s
f,l,o,u,r
f,l,o,u,t
f,l,o,w,n
f,l,o,w,s
f,l,o,y,d
f,l,u,b,s
f,l,u,f,f
f,l,u,i,d
f,l,u,k,e
f,l,u,k,y
f,l,u,m,e
f,l,u,m,p
f,l,u,n,g
f,l,u,n,k
f,l,u,o,r
f,l,u,s,h
f,l,u,t,e
f,l,y,b,y
f,l,y,e,r
f,l,y,n,n
f,l,y,t,e
f,o,a,l,s
f,o,a,m,s
f,o,a,m,y
f,o,c,a,l
f,o,c,u,s
f,o,e,',s
f,o,e,h,n
f,o,g,',s
f,o,g,e,y
f,o,g,g,y
f,o,i,l,s
f,o,i,s,m
f,o,i,s,t
f,o,l,d,s
f,o,l,e,y
f,o,l,i,a
f,o,l,i,c
f,o,l,i,e
f,o,l,i,o
f,o,l,k,s
f,o,l,l,y
f,o,n,d,a
f,o,n,d,s
f,o,n,t,s
f,o,o,d,s
f,o,o,l,s
f,o,o,t,e
f,o,o,t,s
f,o,o,t,y
f,o,r,a,y
f,o,r,b,y
f,o,r,c,e
f,o,r,d,o
f,o,r,d,s
f,o,r,g,e
f,o,r,g,o
f,o,r,k,s
f,o,r,k,y
f,o,r,m,a
f,o,r,m,e
f,o,r,m,s
f,o,r,t,e
f,o,r,t,h
f,o,r,t,s
f,o,r,t,y
f,o,r,u,m
f,o,s,s,a
f,o,s,s,e
f,o,u,l,s
f,o,u,n,d
f,o,u,n,t
f,o,u,r,s
f,o,v,e,a
f,o,w,e,y
f,o,w,l,s
f,o,x,',s
f,o,x,e,d
f,o,x,e,s
f,o,y,e,r
f,r,a,g,s
f,r,a,i,l
f,r,a,m,e
f,r,a,n,c
f,r,a,n,k
f,r,a,n,z
f,r,a,s,s
f,r,a,u,d
f,r,a,y,s
f,r,e,a,k
f,r,e,d,a
f,r,e,e,d
f,r,e,e,r
f,r,e,e,s
f,r,e,n,i
f,r,e,o,n
f,r,e,s,h
f,r,e,t,s
f,r,e,u,d
f,r,e,y,a
f,r,i,a,r
f,r,i,c,k
f,r,i,e,d
f,r,i,e,r
f,r,i,e,s
f,r,i,g,g
f,r,i,l,l
f,r,i,s,k
f,r,i,t,o
f,r,i,t,z
f,r,i,z,z
f,r,o,c,k
f,r,o,g,s
f,r,o,m,e
f,r,o,m,m
f,r,o,n,d
f,r,o,n,s
f,r,o,n,t
f,r,o,r,e
f,r,o,s,t
f,r,o,t,h
f,r,o,w,n
f,r,o,z,e
f,r,u,i,t
f,r,u,m,p
f,r,y,e,r
f,s,f,',s
f,t,p,e,r
f,u,b,s,y
f,u,c,h,s
f,u,c,k,s
f,u,c,u,s
f,u,d,g,e
f,u,e,l,s
f,u,g,a,l
f,u,g,i,o
f,u,g,u,e
f,u,l,l,y
f,u,m,e,d
f,u,m,e,s
f,u,n,d,i
f,u,n,d,s
f,u,n,d,y
f,u,n,g,i
f,u,n,g,o
f,u,n,k,y
f,u,n,n,y
f,u,r,',s
f,u,r,a,n
f,u,r,o,r
f,u,r,r,y
f,u,r,z,e
f,u,s,e,d
f,u,s,e,e
f,u,s,e,s
f,u,s,i,l
f,u,s,s,y
f,u,s,t,y
f,u,z,z,y
f,y,l,d,e
g,a,b,a,r
g,a,b,b,y
g,a,b,l,e
g,a,b,o,n
g,a,b,o,r
g,a,d,i,d
g,a,f,f,e
g,a,f,f,s
g,a,g,e,d
g,a,g,e,r
g,a,g,e,s
g,a,i,l,y
g,a,i,n,s
g,a,i,t,s
g,a,i,u,s
g,a,l,a,h
g,a,l,b,a
g,a,l,e,a
g,a,l,e,n
g,a,l,e,s
g,a,l,l,a
g,a,l,l,e
g,a,l,l,s
g,a,l,o,p
g,a,l,v,o
g,a,m,b,a
g,a,m,e,d
g,a,m,e,s
g,a,m,e,y
g,a,m,i,c
g,a,m,i,n
g,a,m,m,a
g,a,m,u,t
g,a,n,c,e
g,a,n,d,a
g,a,n,d,y
g,a,n,g,a
g,a,n,g,s
g,a,n,j,a
g,a,n,o,f
g,a,p,',s
g,a,p,e,d
g,a,p,e,r
g,a,p,e,s
g,a,p,p,y
g,a,r,a,m
g,a,r,b,o
g,a,r,d,a
g,a,r,d,e
g,a,r,r,y
g,a,r,t,h
g,a,s,',s
g,a,s,e,s
g,a,s,p,s
g,a,s,s,y
g,a,t,e,d
g,a,t,e,s
g,a,t,h,a
g,a,t,o,r
g,a,u,d,s
g,a,u,d,y
g,a,u,g,e
g,a,u,m,s
g,a,u,n,t
g,a,u,s,s
g,a,u,z,e
g,a,u,z,y
g,a,v,e,l
g,a,v,i,n
g,a,w,k,s
g,a,w,k,y
g,a,y,e,r
g,a,y,l,y
g,a,z,e,d
g,a,z,e,r
g,a,z,e,s
g,e,a,r,s
g,e,a,r,y
g,e,b,e,r
g,e,c,k,o
g,e,d,d,a
g,e,e,k,s
g,e,e,s,e
g,e,e,s,t
g,e,i,g,y
g,e,l,',s
g,e,l,i,d
g,e,l,i,n
g,e,m,',s
g,e,m,m,a
g,e,m,o,t
g,e,n,e,s
g,e,n,e,t
g,e,n,i,c
g,e,n,i,e
g,e,n,i,i
g,e,n,i,p
g,e,n,o,a
g,e,n,r,e
g,e,n,r,o
g,e,n,t,s
g,e,n,u,s
g,e,o,d,e
g,e,o,f,f
g,e,o,i,d
g,e,r,a,h
g,e,r,m,s
g,e,r,m,y
g,e,r,r,y
g,e,s,s,o
g,e,t,t,y
g,e,t,u,p
g,h,a,n,a
g,h,a,t,s
g,h,a,u,t
g,h,a,z,i
g,h,e,n,t
g,h,o,s,t
g,h,o,u,l
g,i,a,n,t
g,i,b,b,s
g,i,b,b,y
g,i,b,e,r
g,i,b,e,s
g,i,b,l,i
g,i,d,d,y
g,i,f,t,s
g,i,g,',s
g,i,g,l,i
g,i,g,o,t
g,i,g,u,e
g,i,l,',s
g,i,l,d,a
g,i,l,d,s
g,i,l,e,s
g,i,l,e,t
g,i,l,l,s
g,i,m,e,l
g,i,m,m,e
g,i,m,p,y
g,i,n,',s
g,i,p,o,n
g,i,p,p,y
g,i,p,s,y
g,i,r,d,s
g,i,r,l,s
g,i,r,l,y
g,i,r,t,h
g,i,s,m,o
g,i,v,e,n
g,i,v,e,r
g,i,v,e,s
g,i,z,m,o
g,l,a,d,e
g,l,a,d,y
g,l,a,i,r
g,l,a,n,d
g,l,a,n,s
g,l,a,r,e
g,l,a,r,y
g,l,a,s,s
g,l,a,z,e
g,l,e,a,m
g,l,e,a,n
g,l,e,b,e
g,l,e,e,d
g,l,e,e,s
g,l,e,e,t
g,l,e,n,n
g,l,e,n,s
g,l,i,d,e
g,l,i,n,t
g,l,o,a,m
g,l,o,a,t
g,l,o,b,e
g,l,o,g,g
g,l,o,m,s
g,l,o,o,m
g,l,o,r,y
g,l,o,s,s
g,l,o,v,e
g,l,o,w,s
g,l,o,z,e
g,l,u,c,k
g,l,u,e,d
g,l,u,e,r
g,l,u,e,s
g,l,u,e,y
g,l,u,m,e
g,l,u,o,n
g,l,u,t,s
g,l,y,n,n
g,l,y,p,h
g,n,a,r,l
g,n,a,s,h
g,n,a,t,s
g,n,a,w,s
g,n,o,m,e
g,o,a,d,s
g,o,a,l,s
g,o,a,t,s
g,o,b,b,i
g,o,d,',s
g,o,d,l,y
g,o,d,o,t
g,o,g,g,a
g,o,g,o,l
g,o,g,r,a
g,o,i,n,g
g,o,l,d,a
g,o,l,d,s
g,o,l,e,m
g,o,l,f,s
g,o,l,g,i
g,o,l,l,y
g,o,m,e,l
g,o,m,e,z
g,o,n,a,d
g,o,n,d,i
g,o,n,e,r
g,o,n,g,s
g,o,n,n,a
g,o,n,o,f
g,o,o,d,e
g,o,o,d,s
g,o,o,d,y
g,o,o,e,y
g,o,o,f,s
g,o,o,f,y
g,o,o,l,e
g,o,o,s,e
g,o,o,s,y
g,o,p,a,k
g,o,r,a,l
g,o,r,e,d
g,o,r,e,n
g,o,r,e,s
g,o,r,g,e
g,o,r,k,i
g,o,r,k,y
g,o,r,s,e
g,o,s,s,e
g,o,t,h,a
g,o,t,t,a
g,o,u,d,a
g,o,u,g,e
g,o,u,l,d
g,o,u,r,d
g,o,u,t,y
g,o,w,a,n
g,o,w,e,r
g,o,w,n,s
g,o,w,o,n
g,r,a,b,s
g,r,a,c,e
g,r,a,d,e
g,r,a,d,s
g,r,a,d,y
g,r,a,f,f
g,r,a,f,t
g,r,a,i,l
g,r,a,i,n
g,r,a,m,a
g,r,a,m,s
g,r,a,n,d
g,r,a,n,t
g,r,a,p,e
g,r,a,p,h
g,r,a,p,y
g,r,a,s,p
g,r,a,s,s
g,r,a,t,a
g,r,a,t,e
g,r,a,v,e
g,r,a,v,y
g,r,a,y,s
g,r,a,z,e
g,r,e,a,t
g,r,e,b,e
g,r,e,e,d
g,r,e,e,k
g,r,e,e,n
g,r,e,e,r
g,r,e,e,t
g,r,e,g,g
g,r,e,t,a
g,r,i,d,s
g,r,i,e,f
g,r,i,e,g
g,r,i,l,l
g,r,i,m,e
g,r,i,m,m
g,r,i,m,y
g,r,i,n,d
g,r,i,n,s
g,r,i,p,e
g,r,i,p,s
g,r,i,s,t
g,r,i,t,h
g,r,i,t,s
g,r,o,a,n
g,r,o,a,t
g,r,o,i,n
g,r,o,k,s
g,r,o,o,m
g,r,o,o,t
g,r,o,p,e
g,r,o,s,s
g,r,o,s,z
g,r,o,t,e
g,r,o,u,p
g,r,o,u,t
g,r,o,v,e
g,r,o,w,l
g,r,o,w,n
g,r,o,w,s
g,r,u,b,s
g,r,u,e,l
g,r,u,f,f
g,r,u,m,p
g,r,u,n,t
g,u,a,c,o
g,u,a,n,o
g,u,a,r,d
g,u,a,v,a
g,u,e,s,s
g,u,e,s,t
g,u,i,d,e
g,u,i,d,o
g,u,i,l,d
g,u,i,l,e
g,u,i,l,t
g,u,i,s,e
g,u,l,a,g
g,u,l,a,r
g,u,l,c,h
g,u,l,e,s
g,u,l,f,s
g,u,l,l,s
g,u,l,l,y
g,u,l,p,s
g,u,m,',s
g,u,m,b,o
g,u,m,m,a
g,u,m,m,y
g,u,n,',s
g,u,n,g,e
g,u,n,k,y
g,u,n,n,y
g,u,p,p,y
g,u,r,u,s
g,u,s,h,y
g,u,s,t,o
g,u,s,t,s
g,u,s,t,y
g,u,t,s,y
g,u,t,t,a
g,u,t,t,y
g,u,y,',s
g,u,y,e,d
g,u,y,e,r
g,u,y,o,t
g,w,e,l,o
g,w,e,n,t
g,y,a,n,i
g,y,p,s,y
g,y,r,a,l
g,y,r,o,n
g,y,r,o,s
h,a,b,i,b
h,a,b,i,t
h,a,c,k,s
h,a,d,a,l
h,a,d,e,s
h,a,d,j,i
h,a,d,s,t
h,a,f,i,z
h,a,g,a,r
h,a,g,e,n
h,a,g,e,r
h,a,g,u,e
h,a,i,d,a
h,a,i,f,a
h,a,i,k,u
h,a,i,l,e
h,a,i,l,s
h,a,i,r,s
h,a,i,r,y
h,a,i,t,i
h,a,k,e,a
h,a,k,i,m
h,a,l,a,l
h,a,l,e,r
h,a,l,e,y
h,a,l,l,e
h,a,l,l,o
h,a,l,l,s
h,a,l,m,a
h,a,l,o,s
h,a,l,t,s
h,a,l,v,e
h,a,m,',s
h,a,m,a,l
h,a,m,e,y
h,a,m,m,y
h,a,m,z,a
h,a,n,a,u
h,a,n,d,s
h,a,n,d,y
h,a,n,e,y
h,a,n,g,s
h,a,n,k,y
h,a,n,n,a
h,a,n,o,i
h,a,o,l,e
h,a,p,a,x
h,a,p,l,y
h,a,p,p,y
h,a,p,t,o
h,a,r,a,r
h,a,r,d,s
h,a,r,d,y
h,a,r,e,m
h,a,r,e,s
h,a,r,k,s
h,a,r,m,s
h,a,r,p,s
h,a,r,p,y
h,a,r,r,y
h,a,r,s,h
h,a,r,t,e
h,a,r,u,n
h,a,s,p,s
h,a,s,t,e
h,a,s,t,y
h,a,t,',s
h,a,t,c,h
h,a,t,e,d
h,a,t,e,r
h,a,t,e,s
h,a,u,g,h
h,a,u,l,m
h,a,u,l,s
h,a,u,n,t
h,a,u,s,a
h,a,u,t,e
h,a,v,e,l
h,a,v,e,n
h,a,v,e,r
h,a,v,e,s
h,a,v,o,c
h,a,v,r,e
h,a,w,e,s
h,a,w,k,s
h,a,w,s,e
h,a,y,d,n
h,a,y,e,r
h,a,y,e,s
h,a,z,e,d
h,a,z,e,l
h,a,z,e,r
h,a,z,e,s
h,e,',l,l
h,e,a,d,s
h,e,a,d,y
h,e,a,l,d
h,e,a,l,s
h,e,a,l,y
h,e,a,p,s
h,e,a,r,d
h,e,a,r,s
h,e,a,r,t
h,e,a,t,h
h,e,a,t,s
h,e,a,v,e
h,e,a,v,y
h,e,d,d,a
h,e,d,g,e
h,e,e,d,s
h,e,e,l,s
h,e,f,t,s
h,e,f,t,y
h,e,g,e,l
h,e,i,d,i
h,e,i,g,h
h,e,i,n,e
h,e,i,n,z
h,e,i,r,s
h,e,i,s,t
h,e,k,l,a
h,e,l,e,n
h,e,l,g,a
h,e,l,i,x
h,e,l,l,e
h,e,l,l,o
h,e,l,l,s
h,e,l,o,t
h,e,l,p,s
h,e,l,v,e
h,e,m,',s
h,e,m,a,l
h,e,m,e,l
h,e,m,u,s
h,e,n,',s
h,e,n,a,e
h,e,n,c,e
h,e,n,g,e
h,e,n,i,e
h,e,n,n,a
h,e,n,r,i
h,e,n,r,y
h,e,n,z,e
h,e,p,t,a
h,e,r,a,t
h,e,r,b,s
h,e,r,b,y
h,e,r,d,s
h,e,r,e,s
h,e,r,n,e
h,e,r,o,d
h,e,r,o,n
h,e,r,o,s
h,e,r,t,y
h,e,r,t,z
h,e,r,z,l
h,e,s,s,e
h,e,t,t,y
h,e,w,e,d
h,e,w,e,r
h,e,x,a,d
h,e,x,e,r
h,e,x,y,l
h,i,a,t,t
h,i,c,k,s
h,i,d,e,d
h,i,d,e,r
h,i,d,e,s
h,i,g,h,s
h,i,g,h,t
h,i,j,a,z
h,i,k,e,d
h,i,k,e,r
h,i,k,e,s
h,i,l,l,a
h,i,l,l,s
h,i,l,l,y
h,i,l,t,s
h,i,l,u,m
h,i,l,u,s
h,i,n,d,i
h,i,n,d,s
h,i,n,d,u
h,i,n,e,s
h,i,n,g,e
h,i,n,n,y
h,i,n,t,s
h,i,p,',s
h,i,p,p,o
h,i,p,p,y
h,i,r,a,m
h,i,r,e,d
h,i,r,e,r
h,i,r,e,s
h,i,r,e,y
h,i,t,',s
h,i,t,c,h
h,i,v,e,s
h,o,a,g,y
h,o,a,r,d
h,o,a,r,y
h,o,b,b,s
h,o,b,b,y
h,o,b,o,s
h,o,c,k,s
h,o,c,u,s
h,o,d,a,d
h,o,d,g,e
h,o,e,',s
h,o,e,n,e
h,o,f,e,i
h,o,f,u,f
h,o,g,',s
h,o,g,a,n
h,o,g,u,e
h,o,i,c,k
h,o,i,s,t
h,o,k,a,n
h,o,k,e,y
h,o,k,k,u
h,o,k,u,m
h,o,l,d,s
h,o,l,e,d
h,o,l,e,s
h,o,l,e,y
h,o,l,l,o
h,o,l,l,y
h,o,l,s,t
h,o,m,e,d
h,o,m,e,r
h,o,m,e,s
h,o,m,e,y
h,o,m,o,s
h,o,n,a,n
h,o,n,d,a
h,o,n,d,o
h,o,n,e,d
h,o,n,e,r
h,o,n,e,s
h,o,n,e,y
h,o,n,k,s
h,o,n,k,y
h,o,n,o,r
h,o,o,c,h
h,o,o,d,s
h,o,o,e,y
h,o,o,f,s
h,o,o,g,h
h,o,o,k,e
h,o,o,k,s
h,o,o,k,y
h,o,o,p,s
h,o,o,t,s
h,o,p,e,d
h,o,p,e,h
h,o,p,e,r
h,o,p,e,s
h,o,r,a,e
h,o,r,a,l
h,o,r,d,e
h,o,r,e,b
h,o,r,m,e
h,o,r,n,e
h,o,r,n,s
h,o,r,n,y
h,o,r,s,a
h,o,r,s,e
h,o,r,s,t
h,o,r,s,y
h,o,r,t,a
h,o,r,u,s
h,o,s,e,a
h,o,s,e,d
h,o,s,e,s
h,o,s,t,a
h,o,s,t,s
h,o,t,e,l
h,o,t,l,y
h,o,u,g,h
h,o,u,n,d
h,o,u,r,i
h,o,u,r,s
h,o,u,s,e
h,o,v,e,l
h,o,v,e,r
h,o,w,',s
h,o,w,d,y
h,o,w,l,s
h,o,x,h,a
h,o,y,l,e
h,s,i,a,n
h,u,a,n,g
h,u,b,',s
h,u,b,b,a
h,u,b,b,y
h,u,b,e,r
h,u,b,l,i
h,u,e,',s
h,u,f,f,y
h,u,f,u,f
h,u,g,e,r
h,u,l,k,s
h,u,l,l,o
h,u,l,l,s
h,u,l,m,e
h,u,m,a,n
h,u,m,i,c
h,u,m,i,d
h,u,m,o,r
h,u,m,p,h
h,u,m,p,s
h,u,m,p,y
h,u,m,u,s
h,u,n,a,n
h,u,n,c,h
h,u,n,k,s
h,u,n,t,s
h,u,p,e,h
h,u,r,d,s
h,u,r,l,y
h,u,r,o,n
h,u,r,r,y
h,u,r,s,t
h,u,r,t,s
h,u,r,t,y
h,u,s,k,s
h,u,s,k,y
h,u,s,s,y
h,u,t,',s
h,u,t,c,h
h,w,a,n,g
h,y,d,r,a
h,y,d,r,o
h,y,e,n,a
h,y,i,n,g
h,y,m,a,n
h,y,m,e,n
h,y,m,n,s
h,y,o,i,d
h,y,p,e,d
h,y,p,e,r
h,y,p,e,s
h,y,p,h,a
h,y,p,o,s
h,y,r,a,x
h,y,s,o,n
i,a,n,',s
i,b,e,r,o
i,b,e,r,t
i,b,i,z,a
i,b,m,',s
i,b,s,e,n
i,c,e,n,i
i,c,h,o,r
i,c,i,e,r
i,c,i,l,y
i,c,i,n,g
i,c,o,n,s
i,c,t,u,s
i,d,a,',s
i,d,a,h,o
i,d,e,a,l
i,d,e,a,s
i,d,i,o,m
i,d,i,o,t
i,d,l,e,d
i,d,l,e,r
i,d,l,e,s
i,d,o,l,s
i,d,y,l,l
i,e,p,e,r
i,g,f,e,t
i,g,l,o,o
i,g,n,i,s
i,h,r,a,m
i,k,e,',s
i,k,e,j,a
i,l,e,a,c
i,l,e,u,m
i,l,e,u,s
i,l,i,a,c
i,l,i,a,d
i,l,i,a,l
i,l,i,o,n
i,l,i,u,m
i,l,k,',s
i,l,l,o,n
i,l,l,u,s
i,l,m,e,n
i,l,o,n,a
i,m,a,g,e
i,m,a,g,o
i,m,b,e,d
i,m,b,u,e
i,m,i,d,e
i,m,i,d,o
i,m,i,n,e
i,m,i,n,o
i,m,m,i,x
i,m,p,',s
i,m,p,e,l
i,m,p,l,y
i,m,r,o,z
i,n,a,n,e
i,n,a,p,t
i,n,b,a,l
i,n,c,a,s
i,n,c,o,g
i,n,c,u,r
i,n,c,u,s
i,n,d,e,x
i,n,d,i,a
i,n,d,i,c
i,n,d,r,a
i,n,d,r,e
i,n,d,u,e
i,n,d,u,s
i,n,e,p,t
i,n,e,r,t
i,n,f,e,r
i,n,f,i,x
i,n,f,r,a
i,n,g,l,e
i,n,g,o,t
i,n,i,o,n
i,n,k,e,d
i,n,k,e,r
i,n,k,l,e
i,n,l,a,y
i,n,l,e,t
i,n,m,a,n
i,n,n,e,r
i,n,p,u,t
i,n,s,e,t
i,n,t,e,l
i,n,t,e,r
i,n,t,n,l
i,n,t,r,a
i,n,t,r,o
i,n,t,s,v
i,n,t,u,c
i,n,u,i,t
i,n,u,r,e
i,n,u,r,n
i,n,v,a,r
i,o,c,t,l
i,o,d,i,c
i,o,d,i,n
i,o,n,i,a
i,o,n,i,c
i,p,s,u,s
i,q,b,a,l
i,r,a,d,e
i,r,a,q,i
i,r,a,t,e
i,r,b,i,d
i,r,b,i,l
i,r,e,',s
i,r,e,n,e
i,r,i,a,n
i,r,i,d,o
i,r,i,n,a
i,r,i,s,h
i,r,k,e,d
i,r,o,n,s
i,r,o,n,y
i,r,r,e,d
i,r,r,e,g
i,r,v,i,n
i,r,w,i,n
i,s,a,a,c
i,s,l,a,m
i,s,l,a,y
i,s,l,e,s
i,s,l,e,t
i,s,n,',t
i,s,s,u,e
i,s,s,u,s
i,s,t,l,e
i,t,',l,l
i,t,a,l,y
i,t,c,h,y
i,t,e,m,s
i,t,o,',s
i,u,l,u,s
i,v,i,e,d
i,v,i,e,s
i,v,i,z,a
i,v,o,r,y
i,v,y,',s
i,x,i,o,n
i,x,t,l,e
i,z,a,a,k
i,z,m,i,r
i,z,m,i,t
i,z,n,i,k
j,a,b,',s
j,a,b,i,r
j,a,b,o,t
j,a,c,k,s
j,a,c,k,y
j,a,c,o,b
j,a,d,e,d
j,a,d,e,s
j,a,f,f,a
j,a,g,g,y
j,a,i,l,s
j,a,i,m,e
j,a,k,e,s
j,a,l,a,p
j,a,m,b,i
j,a,m,b,o
j,a,m,e,s
j,a,m,i,e
j,a,m,m,u
j,a,m,m,y
j,a,n,e,t
j,a,n,i,s
j,a,n,o,s
j,a,n,u,s
j,a,p,a,n
j,a,p,e,r
j,a,p,e,s
j,a,r,',s
j,a,r,r,y
j,a,r,v,i
j,a,s,o,n
j,a,s,s,y
j,a,u,n,t
j,a,w,',s
j,a,w,a,n
j,a,w,e,d
j,a,z,z,y
j,e,a,n,s
j,e,b,e,l
j,e,d,',s
j,e,d,d,a
j,e,e,p,s
j,e,e,r,s
j,e,h,a,d
j,e,h,o,l
j,e,l,l,o
j,e,l,l,s
j,e,l,l,y
j,e,m,b,e
j,e,m,m,y
j,e,n,n,y
j,e,r,b,a
j,e,r,e,s
j,e,r,e,z
j,e,r,i,d
j,e,r,k,s
j,e,r,k,y
j,e,r,r,y
j,e,s,s,e
j,e,s,s,y
j,e,s,t,s
j,e,s,u,s
j,e,t,',s
j,e,t,t,y
j,e,w,e,l
j,e,w,r,y
j,i,b,e,d
j,i,b,e,s
j,i,d,d,a
j,i,f,f,y
j,i,g,',s
j,i,h,a,d
j,i,l,t,s
j,i,m,',s
j,i,m,m,y
j,i,n,g,o
j,i,n,j,a
j,i,n,k,s
j,i,n,n,i
j,i,n,n,y
j,i,v,e,d
j,i,v,e,s
j,o,b,',s
j,o,c,k,o
j,o,c,k,s
j,o,h,n,s
j,o,i,n,s
j,o,i,n,t
j,o,i,s,t
j,o,k,e,d
j,o,k,e,r
j,o,k,e,s
j,o,l,l,a
j,o,l,l,y
j,o,l,t,s
j,o,l,t,y
j,o,n,',s
j,o,n,a,h
j,o,n,a,s
j,o,n,e,s
j,o,p,p,a
j,o,r,g,e
j,o,r,u,m
j,o,s,e,f
j,o,t,u,n
j,o,u,a,l
j,o,u,l,e
j,o,u,s,t
j,o,w,l,s
j,o,w,l,y
j,o,y,',s
j,o,y,c,e
j,u,b,a,l
j,u,d,a,h
j,u,d,a,s
j,u,d,e,a
j,u,d,g,e
j,u,g,',s
j,u,g,a,l
j,u,g,u,m
j,u,i,c,e
j,u,i,c,y
j,u,k,e,s
j,u,l,e,p
j,u,l,e,s
j,u,l,i,a
j,u,l,i,e
j,u,l,i,o
j,u,l,y,s
j,u,m,b,o
j,u,m,n,a
j,u,m,p,s
j,u,m,p,y
j,u,n,c,o
j,u,n,e,s
j,u,n,k,s
j,u,n,k,y
j,u,n,t,a
j,u,n,t,o
j,u,p,o,n
j,u,r,a,l
j,u,r,a,s
j,u,r,a,t
j,u,r,e,l
j,u,r,o,r
j,u,s,t,e
j,u,t,e,s
j,u,t,t,y
k,a,a,b,a
k,a,b,o,b
k,a,b,u,l
k,a,f,i,r
k,a,f,k,a
k,a,i,a,k
k,a,j,a,r
k,a,l,a,t
k,a,l,i,f
k,a,l,p,a
k,a,m,e,t
k,a,n,d,y
k,a,n,g,a
k,a,n,j,i
k,a,n,s,u
k,a,n,z,u
k,a,p,o,k
k,a,p,p,a
k,a,p,u,t
k,a,r,a,t
k,a,r,e,n
k,a,r,m,a
k,a,r,o,l
k,a,r,o,o
k,a,r,r,i
k,a,r,s,t
k,a,s,a,i
k,a,s,h,a
k,a,s,s,a
k,a,t,a,r
k,a,t,h,y
k,a,t,i,e
k,a,u,a,i
k,a,u,r,i
k,a,y,a,k
k,a,z,a,n
k,a,z,o,o
k,e,a,t,s
k,e,b,a,b
k,e,b,l,e
k,e,b,o,b
k,e,d,a,h
k,e,d,g,e
k,e,e,l,s
k,e,e,p,s
k,e,i,j,o
k,e,i,t,h
k,e,l,l,y
k,e,l,t,s
k,e,m,a,l
k,e,m,p,e
k,e,m,p,t
k,e,n,',s
k,e,n,a,f
k,e,n,d,o
k,e,n,n,y
k,e,n,t,e
k,e,n,y,a
k,e,r,c,h
k,e,r,n,e
k,e,r,r,y
k,e,t,c,h
k,e,v,e,l
k,e,v,i,n
k,e,y,e,d
k,e,y,e,s
k,h,a,k,i
k,h,a,m,a
k,h,i,e,u
k,h,i,v,a
k,h,m,e,r
k,h,u,f,u
k,i,a,a,t
k,i,a,n,g
k,i,c,k,s
k,i,d,',s
k,i,d,d,e
k,i,d,d,y
k,i,k,o,i
k,i,l,l,s
k,i,l,o,s
k,i,l,t,s
k,i,n,d,s
k,i,n,g,s
k,i,n,i,n
k,i,n,k,y
k,i,o,s,k
k,i,o,t,o
k,i,o,w,a
k,i,r,b,y
k,i,r,i,n
k,i,r,o,v
k,i,t,',s
k,i,t,e,d
k,i,t,e,r
k,i,t,e,s
k,i,t,h,e
k,i,t,t,s
k,i,t,t,y
k,i,t,w,e
k,i,w,i,s
k,i,z,i,l
k,l,a,u,s
k,l,e,i,n
k,l,i,e,g
k,l,i,m,t
k,l,i,n,e
k,l,o,n,g
k,l,u,t,z
k,n,a,c,k
k,n,a,p,p
k,n,a,v,e
k,n,e,a,d
k,n,e,e,d
k,n,e,e,l
k,n,e,e,s
k,n,e,l,l
k,n,e,l,t
k,n,i,c,k
k,n,i,f,e
k,n,i,s,h
k,n,i,t,s
k,n,o,b,s
k,n,o,c,k
k,n,o,l,l
k,n,o,t,s
k,n,o,t,t
k,n,o,u,t
k,n,o,w,n
k,n,o,w,s
k,n,u,r,l
k,n,u,t,h
k,o,a,l,a
k,o,c,h,i
k,o,d,a,k
k,o,d,o,k
k,o,f,t,a
k,o,i,n,e
k,o,l,a,r
k,o,l,l,o
k,o,m,b,u
k,o,n,d,o
k,o,n,g,a
k,o,n,y,a
k,o,o,k,s
k,o,o,k,y
k,o,p,e,k
k,o,p,j,e
k,o,p,p,a
k,o,r,a,n
k,o,r,e,a
k,o,r,m,a
k,o,v,i,c
k,o,v,n,o
k,r,a,a,l
k,r,a,f,t
k,r,a,i,t
k,r,a,n,j
k,r,a,n,s
k,r,a,u,t
k,r,e,b,s
k,r,e,m,s
k,r,i,l,l
k,r,i,p,s
k,r,i,s,s
k,r,o,n,e
k,r,o,o,n
k,r,u,p,p
k,r,u,s,e
k,u,a,l,a
k,u,b,a,n
k,u,d,o,s
k,u,d,z,u
k,u,f,i,c
k,u,k,r,i
k,u,l,a,k
k,u,l,u,n
k,u,m,a,r
k,u,r,i,l
k,u,r,s,k
k,u,t,c,h
k,w,a,r,a
k,w,e,l,a
k,y,l,i,n
k,y,l,i,x
k,y,l,o,e
k,y,m,r,y
k,y,o,t,o
k,y,r,i,e
l,',v,o,v
l,a,b,',s
l,a,b,a,n
l,a,b,e,l
l,a,b,i,a
l,a,b,o,r
l,a,c,e,d
l,a,c,e,r
l,a,c,e,s
l,a,c,e,y
l,a,c,k,s
l,a,d,e,d
l,a,d,e,n
l,a,d,i,n
l,a,d,l,e
l,a,g,a,n
l,a,g,e,r
l,a,g,o,s
l,a,h,t,i
l,a,i,n,g
l,a,i,r,d
l,a,i,r,s
l,a,i,r,y
l,a,i,t,y
l,a,i,u,s
l,a,k,e,r
l,a,k,e,s
l,a,k,s,a
l,a,m,a,r
l,a,m,a,s
l,a,m,b,s
l,a,m,e,d
l,a,m,e,r
l,a,m,e,s
l,a,m,i,a
l,a,m,p,s
l,a,n,a,i
l,a,n,c,e
l,a,n,d,s
l,a,n,e,s
l,a,n,g,e
l,a,n,k,a
l,a,n,k,y
l,a,o,a,g
l,a,p,',s
l,a,p,e,l
l,a,p,i,s
l,a,p,s,e
l,a,r,c,h
l,a,r,d,s
l,a,r,d,y
l,a,r,e,s
l,a,r,g,e
l,a,r,g,o
l,a,r,k,s
l,a,r,k,y
l,a,r,r,y
l,a,r,u,m
l,a,r,v,a
l,a,s,e,r
l,a,s,k,i
l,a,s,s,a
l,a,s,s,o
l,a,s,t,s
l,a,t,c,h
l,a,t,e,d
l,a,t,e,r
l,a,t,e,x
l,a,t,h,e
l,a,t,h,i
l,a,t,h,y
l,a,t,i,n
l,a,t,u,s
l,a,u,d,a
l,a,u,d,s
l,a,u,g,h
l,a,u,r,a
l,a,v,a,l
l,a,v,e,r
l,a,w,',s
l,a,w,e,s
l,a,w,k,s
l,a,w,n,s
l,a,w,n,y
l,a,x,e,y
l,a,x,l,y
l,a,y,e,r
l,a,y,u,p
l,a,z,a,r
l,a,z,e,d
l,a,z,e,s
l,a,z,i,o
l,e,a,c,h
l,e,a,d,s
l,e,a,d,y
l,e,a,f,s
l,e,a,f,y
l,e,a,k,s
l,e,a,k,y
l,e,a,n,s
l,e,a,n,t
l,e,a,p,s
l,e,a,p,t
l,e,a,r,n
l,e,a,r,y
l,e,a,s,e
l,e,a,s,h
l,e,a,s,t
l,e,a,v,e
l,e,b,e,n
l,e,c,c,e
l,e,c,k,y
l,e,d,',s
l,e,d,g,e
l,e,d,g,y
l,e,e,',s
l,e,e,c,h
l,e,e,d,s
l,e,e,r,s
l,e,e,r,y
l,e,f,t,s
l,e,f,t,y
l,e,g,a,l
l,e,g,e,s
l,e,g,g,y
l,e,g,i,s
l,e,g,i,t
l,e,i,g,h
l,e,i,l,a
l,e,i,t,h
l,e,m,a,n
l,e,m,k,e
l,e,m,m,a
l,e,m,o,n
l,e,m,u,r
l,e,n,',s
l,e,n,d,s
l,e,n,i,n
l,e,n,i,s
l,e,n,n,y
l,e,n,s,e
l,e,n,t,o
l,e,n,y,a
l,e,o,n,a
l,e,o,n,e
l,e,p,e,r
l,e,p,u,s
l,e,r,o,y
l,e,t,',s
l,e,t,c,h
l,e,t,h,e
l,e,t,u,p
l,e,u,c,o
l,e,v,e,e
l,e,v,e,l
l,e,v,e,n
l,e,v,e,r
l,e,v,i,n
l,e,v,i,s
l,e,v,k,o
l,e,w,',s
l,e,w,e,s
l,e,w,i,s
l,e,x,i,s
l,e,y,t,e
l,h,a,s,a
l,i,a,n,a
l,i,a,r,d
l,i,a,r,s
l,i,a,s,e
l,i,b,a,u
l,i,b,b,y
l,i,b,e,l
l,i,b,e,r
l,i,b,i,a
l,i,b,r,a
l,i,b,y,a
l,i,c,h,i
l,i,c,h,t
l,i,c,i,t
l,i,c,k,s
l,i,d,',s
l,i,d,o,s
l,i,e,g,e
l,i,e,n,s
l,i,e,u,t
l,i,e,v,e
l,i,f,e,r
l,i,f,t,s
l,i,g,a,n
l,i,g,e,r
l,i,g,h,t
l,i,k,e,d
l,i,k,e,n
l,i,k,e,r
l,i,k,e,s
l,i,l,a,c
l,i,l,l,e
l,i,l,l,y
l,i,m,a,n
l,i,m,b,a
l,i,m,b,o
l,i,m,b,s
l,i,m,e,d
l,i,m,e,n
l,i,m,e,s
l,i,m,e,y
l,i,m,i,t
l,i,m,o,s
l,i,m,p,s
l,i,n,',s
l,i,n,a,c
l,i,n,d,a
l,i,n,d,y
l,i,n,e,d
l,i,n,e,n
l,i,n,e,r
l,i,n,e,s
l,i,n,g,a
l,i,n,g,o
l,i,n,i,n
l,i,n,k,s
l,i,n,o,s
l,i,n,t,s
l,i,n,t,y
l,i,n,u,m
l,i,n,u,s
l,i,o,n,s
l,i,p,',s
l,i,p,i,d
l,i,p,p,e
l,i,p,p,i
l,i,p,p,y
l,i,r,a,s
l,i,s,l,e
l,i,s,p,s
l,i,s,t,e
l,i,s,t,s
l,i,s,z,t
l,i,t,e,r
l,i,t,h,e
l,i,t,h,o
l,i,t,r,e
l,i,v,e,d
l,i,v,e,n
l,i,v,e,r
l,i,v,e,s
l,i,v,i,d
l,i,z,',s
l,i,z,z,y
l,l,a,m,a
l,l,a,n,o
l,l,e,y,n
l,l,o,y,d
l,o,a,c,h
l,o,a,d,s
l,o,a,f,s
l,o,a,m,y
l,o,a,n,s
l,o,a,t,h
l,o,b,a,r
l,o,b,b,y
l,o,b,e,d
l,o,b,e,s
l,o,b,o,s
l,o,c,a,l
l,o,c,k,e
l,o,c,k,s
l,o,c,u,m
l,o,c,u,s
l,o,d,e,n
l,o,d,g,e
l,o,e,s,s
l,o,e,w,e
l,o,e,w,i
l,o,f,t,s
l,o,f,t,y
l,o,g,',s
l,o,g,a,n
l,o,g,g,y
l,o,g,i,a
l,o,g,i,c
l,o,g,i,n
l,o,g,o,s
l,o,i,n,s
l,o,i,r,e
l,o,l,l,y
l,o,m,a,x
l,o,n,e,r
l,o,n,g,e
l,o,n,g,s
l,o,o,b,y
l,o,o,k,s
l,o,o,m,s
l,o,o,n,y
l,o,o,p,s
l,o,o,p,y
l,o,o,s,e
l,o,o,t,s
l,o,p,e,d
l,o,p,e,r
l,o,p,e,z
l,o,p,p,y
l,o,r,a,n
l,o,r,c,a
l,o,r,d,s
l,o,r,d,y
l,o,r,e,n
l,o,r,i,s
l,o,r,r,y
l,o,s,e,l
l,o,s,e,r
l,o,s,e,s
l,o,s,e,y
l,o,s,s,y
l,o,t,',s
l,o,t,i,c
l,o,t,o,s
l,o,t,t,e
l,o,t,t,o
l,o,t,u,s
l,o,u,',s
l,o,u,g,h
l,o,u,i,s
l,o,u,p,e
l,o,u,s,e
l,o,u,s,y
l,o,u,t,h
l,o,u,t,s
l,o,v,a,t
l,o,v,e,d
l,o,v,e,r
l,o,v,e,s
l,o,v,e,y
l,o,w,a,n
l,o,w,e,r
l,o,w,l,y
l,o,w,r,y
l,o,x,e,s
l,o,y,a,l
l,u,a,n,g
l,u,b,r,a
l,u,c,a,n
l,u,c,a,s
l,u,c,c,a
l,u,c,i,a
l,u,c,i,d
l,u,c,k,s
l,u,c,k,y
l,u,c,r,e
l,u,f,f,a
l,u,f,f,s
l,u,g,e,r
l,u,l,l,s
l,u,m,e,n
l,u,m,m,e
l,u,m,p,s
l,u,m,p,y
l,u,n,a,r
l,u,n,c,h
l,u,n,e,s
l,u,n,g,e
l,u,n,g,i
l,u,n,g,s
l,u,n,i,k
l,u,p,i,n
l,u,p,u,s
l,u,r,c,h
l,u,r,e,d
l,u,r,e,r
l,u,r,e,s
l,u,r,e,x
l,u,r,i,d
l,u,r,k,s
l,u,s,t,s
l,u,s,t,y
l,u,s,u,s
l,u,t,e,d
l,u,t,e,s
l,u,t,o,n
l,u,x,e,s
l,u,x,o,n
l,u,x,o,r
l,u,z,o,n
l,x,v,i,i
l,y,c,e,e
l,y,c,i,a
l,y,d,d,a
l,y,d,i,a
l,y,e,l,l
l,y,i,n,g
l,y,k,e,s
l,y,m,a,n
l,y,m,p,h
l,y,n,c,h
l,y,r,e,s
l,y,r,i,c
l,y,s,e,s
l,y,s,i,n
l,y,s,i,s
l,y,s,o,l
l,y,s,s,a
l,y,t,i,c
l,y,t,t,a
m,a,',a,m
m,a,b,e,l
m,a,c,a,o
m,a,c,a,u
m,a,c,a,w
m,a,c,e,d
m,a,c,e,r
m,a,c,e,s
m,a,c,h,o
m,a,c,h,u
m,a,c,l,e
m,a,c,o,n
m,a,c,r,o
m,a,d,a,m
m,a,d,l,y
m,a,d,r,e
m,a,e,',s
m,a,e,w,o
m,a,f,i,a
m,a,g,e,n
m,a,g,i,c
m,a,g,m,a
m,a,g,n,a
m,a,g,o,g
m,a,g,o,t
m,a,g,u,s
m,a,h,d,i
m,a,i,d,s
m,a,i,e,r
m,a,i,l,s
m,a,i,m,s
m,a,i,n,e
m,a,i,n,s
m,a,i,n,z
m,a,i,z,e
m,a,j,o,r
m,a,k,e,r
m,a,k,e,s
m,a,k,o,s
m,a,l,a,m
m,a,l,a,r
m,a,l,a,y
m,a,l,e,s
m,a,l,i,c
m,a,l,l,s
m,a,l,t,a
m,a,l,t,s
m,a,l,t,y
m,a,l,w,a
m,a,m,b,a
m,a,m,b,o
m,a,m,m,a
m,a,m,m,y
m,a,n,',s
m,a,n,d,e
m,a,n,d,i
m,a,n,e,d
m,a,n,e,s
m,a,n,e,t
m,a,n,g,e
m,a,n,g,o
m,a,n,g,y
m,a,n,i,a
m,a,n,i,c
m,a,n,k,y
m,a,n,l,y
m,a,n,n,a
m,a,n,o,r
m,a,n,s,e
m,a,n,u,s
m,a,o,r,i
m,a,p,',s
m,a,p,l,e
m,a,r,a,t
m,a,r,c,h
m,a,r,c,o
m,a,r,c,y
m,a,r,d,i
m,a,r,d,y
m,a,r,e,s
m,a,r,g,e
m,a,r,g,o
m,a,r,i,a
m,a,r,i,e
m,a,r,i,n
m,a,r,i,o
m,a,r,k,s
m,a,r,o,c
m,a,r,o,s
m,a,r,r,y
m,a,r,s,e
m,a,r,s,h
m,a,r,t,s
m,a,r,t,y
m,a,s,a,i
m,a,s,a,n
m,a,s,e,r
m,a,s,k,s
m,a,s,o,n
m,a,s,s,a
m,a,s,s,y
m,a,s,t,s
m,a,t,',s
m,a,t,c,h
m,a,t,e,d
m,a,t,e,o
m,a,t,e,r
m,a,t,e,s
m,a,t,e,y
m,a,t,h,s
m,a,t,l,o
m,a,t,s,u
m,a,t,t,e
m,a,t,z,o
m,a,u,b,y
m,a,u,d,e
m,a,u,l,s
m,a,u,n,a
m,a,u,n,d
m,a,u,r,y
m,a,u,v,e
m,a,v,i,s
m,a,x,i,m
m,a,y,a,n
m,a,y,b,e
m,a,y,e,n
m,a,y,e,r
m,a,y,o,n
m,a,y,o,r
m,a,y,s,t
m,a,z,d,a
m,a,z,e,d
m,a,z,e,r
m,a,z,e,s
m,c,c,o,y
m,c,g,e,e
m,c,k,a,y
m,c,k,e,e
m,e,a,d,e
m,e,a,d,s
m,e,a,l,s
m,e,a,l,y
m,e,a,n,s
m,e,a,n,t
m,e,a,n,y
m,e,a,t,h
m,e,a,t,s
m,e,a,t,y
m,e,c,c,a
m,e,c,u,m
m,e,d,a,l
m,e,d,a,n
m,e,d,e,a
m,e,d,i,a
m,e,d,i,c
m,e,e,t,s
m,e,g,',s
m,e,h,t,a
m,e,i,e,r
m,e,i,j,i
m,e,i,n,y
m,e,k,k,a
m,e,l,b,a
m,e,l,d,s
m,e,l,e,e
m,e,l,i,c
m,e,l,o,n
m,e,l,o,s
m,e,l,t,s
m,e,m,e,l
m,e,m,o,s
m,e,n,',s
m,e,n,a,i
m,e,n,a,m
m,e,n,d,s
m,e,n,e,s
m,e,n,l,o
m,e,n,o,n
m,e,n,s,a
m,e,n,s,e
m,e,n,u,s
m,e,o,w,s
m,e,r,c,a
m,e,r,c,k
m,e,r,c,y
m,e,r,g,e
m,e,r,i,t
m,e,r,l,e
m,e,r,r,y
m,e,r,s,e
m,e,s,h,y
m,e,s,i,c
m,e,s,n,e
m,e,s,o,n
m,e,s,s,y
m,e,t,a,l
m,e,t,e,d
m,e,t,e,r
m,e,t,e,s
m,e,t,h,o
m,e,t,h,s
m,e,t,i,c
m,e,t,i,s
m,e,t,o,l
m,e,t,r,e
m,e,t,r,o
m,e,u,n,g
m,e,u,s,e
m,e,w,e,d
m,e,y,e,r
m,e,z,z,o
m,i,a,m,i
m,i,a,o,u
m,i,a,o,w
m,i,a,u,l
m,i,c,a,h
m,i,c,k,y
m,i,c,r,a
m,i,c,r,o
m,i,d,a,s
m,i,d,d,y
m,i,d,g,e
m,i,d,s,t
m,i,e,n,s
m,i,f,f,s
m,i,f,f,y
m,i,g,h,t
m,i,l,a,n
m,i,l,c,h
m,i,l,e,r
m,i,l,e,s
m,i,l,i,a
m,i,l,k,s
m,i,l,k,y
m,i,l,l,i
m,i,l,l,s
m,i,l,n,e
m,i,m,a,s
m,i,m,e,r
m,i,m,i,c
m,i,m,i,r
m,i,n,a,s
m,i,n,c,e
m,i,n,c,h
m,i,n,c,y
m,i,n,d,s
m,i,n,e,d
m,i,n,e,r
m,i,n,e,s
m,i,n,g,e
m,i,n,g,y
m,i,n,h,o
m,i,n,i,m
m,i,n,i,s
m,i,n,k,s
m,i,n,n,a
m,i,n,o,r
m,i,n,o,s
m,i,n,o,t
m,i,n,s,k
m,i,n,t,s
m,i,n,u,s
m,i,n,y,a
m,i,r,e,d
m,i,r,e,s
m,i,r,k,y
m,i,r,t,h
m,i,r,z,a
m,i,s,d,o
m,i,s,e,r
m,i,s,e,s
m,i,s,s,y
m,i,s,t,i
m,i,s,t,s
m,i,s,t,y
m,i,t,',s
m,i,t,c,h
m,i,t,e,r
m,i,t,e,s
m,i,t,i,s
m,i,t,r,e
m,i,t,t,s
m,i,x,e,d
m,i,x,e,r
m,i,x,e,s
m,i,x,u,p
m,i,z,a,r
m,o,a,n,s
m,o,a,t,s
m,o,b,',s
m,o,b,i,l
m,o,c,h,a
m,o,c,k,s
m,o,d,a,l
m,o,d,e,l
m,o,d,e,m
m,o,d,e,s
m,o,d,g,e
m,o,d,u,s
m,o,e,',s
m,o,g,e,n
m,o,g,u,l
m,o,h,u,r
m,o,i,r,e
m,o,i,s,t
m,o,k,h,a
m,o,k,p,o
m,o,l,a,l
m,o,l,a,r
m,o,l,d,s
m,o,l,d,y
m,o,l,e,s
m,o,l,l,y
m,o,l,t,o
m,o,l,t,s
m,o,m,',s
m,o,m,m,a
m,o,m,m,y
m,o,m,u,s
m,o,n,a,d
m,o,n,a,l
m,o,n,a,s
m,o,n,c,k
m,o,n,d,e
m,o,n,e,l
m,o,n,e,r
m,o,n,e,t
m,o,n,e,y
m,o,n,g,o
m,o,n,i,c
m,o,n,k,s
m,o,n,t,e
m,o,n,t,h
m,o,n,t,y
m,o,n,z,a
m,o,o,c,h
m,o,o,d,s
m,o,o,d,y
m,o,o,e,d
m,o,o,l,a
m,o,o,n,s
m,o,o,n,y
m,o,o,r,e
m,o,o,r,s
m,o,o,s,e
m,o,p,e,d
m,o,p,e,r
m,o,p,e,s
m,o,r,a,l
m,o,r,a,n
m,o,r,a,r
m,o,r,a,y
m,o,r,e,a
m,o,r,e,d
m,o,r,e,l
m,o,r,e,s
m,o,r,o,n
m,o,r,p,h
m,o,r,r,o
m,o,r,s,e
m,o,s,e,r
m,o,s,e,s
m,o,s,e,y
m,o,s,s,i
m,o,s,s,o
m,o,s,s,y
m,o,s,u,l
m,o,t,e,l
m,o,t,e,t
m,o,t,h,s
m,o,t,h,y
m,o,t,i,f
m,o,t,o,r
m,o,t,t,e
m,o,t,t,o
m,o,u,l,d
m,o,u,l,t
m,o,u,n,d
m,o,u,n,t
m,o,u,r,n
m,o,u,s,e
m,o,u,s,y
m,o,u,t,h
m,o,v,e,d
m,o,v,e,r
m,o,v,e,s
m,o,v,i,e
m,o,w,e,d
m,o,w,e,r
m,o,x,i,e
m,o,y,e,r
m,u,c,i,n
m,u,c,k,s
m,u,c,k,y
m,u,c,r,o
m,u,c,u,s
m,u,d,d,y
m,u,d,i,r
m,u,d,r,a
m,u,f,f,s
m,u,f,t,i
m,u,g,',s
m,u,g,g,y
m,u,g,h,o
m,u,j,i,k
m,u,l,c,h
m,u,l,c,t
m,u,l,e,s
m,u,l,e,y
m,u,l,g,a
m,u,l,k,i
m,u,l,t,i
m,u,m,b,o
m,u,m,m,y
m,u,m,p,s
m,u,n,c,h
m,u,n,d,a
m,u,n,d,t
m,u,n,g,a
m,u,n,g,e
m,u,n,g,o
m,u,n,r,o
m,u,n,t,z
m,u,o,n,g
m,u,r,a,l
m,u,r,a,t
m,u,r,e,x
m,u,r,k,y
m,u,r,r,a
m,u,r,r,e
m,u,s,c,a
m,u,s,e,d
m,u,s,e,e
m,u,s,e,r
m,u,s,e,s
m,u,s,h,y
m,u,s,i,c
m,u,s,i,l
m,u,s,k,s
m,u,s,k,y
m,u,s,s,y
m,u,s,t,h
m,u,s,t,s
m,u,s,t,y
m,u,t,c,h
m,u,t,e,d
m,u,t,e,r
m,u,t,e,s
m,u,z,a,k
m,u,z,z,y
m,w,e,r,u
m,y,a,l,l
m,y,c,i,n
m,y,e,r,s
m,y,l,a,r
m,y,n,a,h
m,y,o,m,a
m,y,o,p,e
m,y,r,o,n
m,y,r,r,h
m,y,s,i,a
m,y,t,h,s
n,a,a,c,p
n,a,a,f,i
n,a,b,i,s
n,a,b,l,a
n,a,b,o,b
n,a,c,r,e
n,a,d,i,a
n,a,d,i,r
n,a,g,',s
n,a,g,o,r
n,a,h,u,m
n,a,i,a,d
n,a,i,l,s
n,a,i,r,a
n,a,i,r,n
n,a,i,v,e
n,a,k,e,d
n,a,k,e,r
n,a,l,g,o
n,a,m,a,s
n,a,m,e,d
n,a,m,e,n
n,a,m,e,r
n,a,m,e,s
n,a,m,u,r
n,a,n,a,k
n,a,n,c,y
n,a,n,d,a
n,a,n,g,a
n,a,n,n,y
n,a,o,m,i
n,a,p,',s
n,a,p,e,s
n,a,p,p,a
n,a,p,p,y
n,a,r,e,s
n,a,r,v,a
n,a,s,a,l
n,a,s,h,e
n,a,s,h,o
n,a,s,t,y
n,a,t,a,l
n,a,t,c,h
n,a,t,e,s
n,a,t,t,y
n,a,u,c,h
n,a,u,r,u
n,a,v,a,l
n,a,v,a,r
n,a,v,e,l
n,a,v,e,s
n,a,v,e,w
n,a,v,v,y
n,a,w,a,b
n,a,x,o,s
n,a,z,i,s
n,d,o,l,a
n,e,a,g,h
n,e,a,r,s
n,e,a,t,h
n,e,a,t,s
n,e,c,k,s
n,e,d,',s
n,e,d,d,y
n,e,e,d,s
n,e,e,d,y
n,e,g,e,v
n,e,g,r,o
n,e,g,u,s
n,e,h,r,u
n,e,i,g,h
n,e,l,l,y
n,e,m,a,n
n,e,m,e,a
n,e,p,a,l
n,e,p,e,r
n,e,p,o,s
n,e,r,a,l
n,e,r,v,a
n,e,r,v,e
n,e,r,v,y
n,e,s,t,s
n,e,t,',s
n,e,t,t,y
n,e,u,m,e
n,e,u,r,o
n,e,u,s,s
n,e,v,e,r
n,e,v,i,s
n,e,v,u,s
n,e,w,e,l
n,e,w,e,r
n,e,w,l,y
n,e,w,s,y
n,e,w,t,s
n,e,x,u,s
n,g,a,i,o
n,g,o,m,a
n,g,u,n,i
n,g,w,e,e
n,i,c,e,r
n,i,c,h,e
n,i,c,k,s
n,i,c,o,l
n,i,d,u,s
n,i,e,c,e
n,i,e,v,e
n,i,f,t,y
n,i,g,e,r
n,i,g,h,t
n,i,h,o,n
n,i,k,k,o
n,i,l,l,y
n,i,n,e,s
n,i,n,n,y
n,i,n,o,n
n,i,n,t,h
n,i,n,u,s
n,i,o,b,e
n,i,o,r,t
n,i,p,p,y
n,i,s,e,i
n,i,s,u,s
n,i,t,e,r
n,i,t,i,d
n,i,t,o,n
n,i,t,r,e
n,i,t,r,o
n,i,t,t,y
n,i,v,a,l
n,i,v,e,n
n,i,x,e,d
n,i,x,e,r
n,i,x,e,s
n,i,x,i,e
n,i,x,o,n
n,i,z,a,m
n,j,o,r,d
n,k,o,m,o
n,o,b,b,y
n,o,b,e,l
n,o,b,l,e
n,o,b,l,y
n,o,c,e,s
n,o,d,',s
n,o,d,a,l
n,o,d,d,y
n,o,d,e,s
n,o,d,u,s
n,o,h,o,w
n,o,i,s,e
n,o,i,s,y
n,o,l,a,n
n,o,l,d,e
n,o,l,l,e
n,o,m,a,d
n,o,m,e,n
n,o,m,i,c
n,o,n,c,e
n,o,n,e,s
n,o,n,e,t
n,o,o,k,s
n,o,o,n,s
n,o,o,s,e
n,o,p,a,l
n,o,r,g,e
n,o,r,i,a
n,o,r,m,a
n,o,r,m,s
n,o,r,s,e
n,o,r,t,h
n,o,s,e,d
n,o,s,e,s
n,o,s,e,y
n,o,t,c,h
n,o,t,e,d
n,o,t,e,r
n,o,t,e,s
n,o,t,r,e
n,o,t,u,m
n,o,t,u,s
n,o,u,n,s
n,o,v,a,e
n,o,v,a,k
n,o,v,a,s
n,o,v,e,l
n,o,w,a,y
n,o,w,e,l
n,o,y,a,u
n,o,y,e,s
n,o,y,o,n
n,r,o,f,f
n,u,b,i,a
n,u,c,c,i
n,u,c,h,a
n,u,d,d,y
n,u,d,e,r
n,u,d,e,s
n,u,d,g,e
n,u,d,u,m
n,u,e,v,o
n,u,k,u,s
n,u,l,l,s
n,u,m,b,s
n,u,m,e,n
n,u,m,i,a
n,u,m,i,s
n,u,n,',s
n,u,n,e,s
n,u,n,n,y
n,u,o,v,o
n,u,r,m,i
n,u,r,s,e
n,u,t,',s
n,u,t,t,y
n,y,a,l,a
n,y,a,s,a
n,y,l,o,n
n,y,m,p,h
n,y,o,r,o
o,a,k,e,n
o,a,k,u,m
o,a,r,',s
o,a,r,e,d
o,a,s,e,s
o,a,s,i,s
o,a,t,e,n
o,a,t,e,r
o,a,t,e,s
o,a,t,h,s
o,b,e,a,h
o,b,e,s,e
o,b,e,y,s
o,b,o,e,s
o,b,o,t,e
o,c,c,a,m
o,c,c,a,s
o,c,c,u,r
o,c,e,a,n
o,c,h,e,r
o,c,h,r,e
o,c,k,e,r
o,c,o,d,e
o,c,r,e,a
o,c,t,a,d
o,c,t,a,l
o,c,t,e,t
o,d,d,e,r
o,d,d,l,y
o,d,e,',s
o,d,e,u,m
o,d,i,l,o
o,d,i,u,m
o,d,o,r,s
o,d,o,u,r
o,e,m,',s
o,f,f,a,l
o,f,f,e,r
o,f,t,e,n
o,g,d,e,n
o,g,h,a,m
o,g,i,v,e
o,g,l,e,d
o,g,l,e,r
o,g,l,e,s
o,h,m,i,c
o,i,l,e,d
o,i,l,e,r
o,k,a,p,i
o,k,a,y,s
o,l,d,e,n
o,l,d,e,r
o,l,d,i,e
o,l,e,i,c
o,l,e,i,n
o,l,e,u,m
o,l,i,v,e
o,l,o,g,y
o,l,s,e,n
o,l,s,o,n
o,m,a,g,h
o,m,a,h,a
o,m,b,r,e
o,m,e,g,a
o,m,e,n,s
o,m,i,t,s
o,m,u,t,a
o,n,c,e,r
o,n,d,e,s
o,n,e,',s
o,n,e,g,a
o,n,i,o,n
o,n,i,u,m
o,n,s,e,t
o,o,m,p,h
o,o,t,i,d
o,o,z,e,d
o,o,z,e,s
o,p,a,l,s
o,p,e,n,s
o,p,e,r,a
o,p,h,i,r
o,p,i,n,e
o,p,i,n,g
o,p,i,u,m
o,p,t,e,d
o,p,t,i,c
o,r,a,c,h
o,r,a,c,y
o,r,a,l,s
o,r,a,t,e
o,r,b,i,t
o,r,c,a,s
o,r,c,z,y
o,r,d,e,r
o,r,e,',s
o,r,e,a,d
o,r,g,a,n
o,r,i,b,i
o,r,i,e,l
o,r,i,o,n
o,r,i,y,a
o,r,l,o,n
o,r,l,o,p
o,r,m,e,r
o,r,m,u,z
o,r,n,e,y
o,r,n,i,s
o,r,o,n,o
o,r,r,',s
o,r,r,i,s
o,r,t,h,o
o,r,u,r,o
o,r,y,o,l
o,r,z,a,e
o,s,a,g,e
o,s,a,k,a
o,s,c,a,n
o,s,c,a,r
o,s,f,',s
o,s,i,e,r
o,s,m,a,n
o,s,m,i,c
o,s,r,a,m
o,s,r,i,c
o,s,s,e,t
o,s,s,i,e
o,s,t,i,a
o,t,h,e,r
o,t,h,i,n
o,t,t,',s
o,t,t,a,r
o,t,t,e,r
o,t,w,a,y
o,u,g,h,t
o,u,i,j,a
o,u,j,d,a
o,u,n,c,e
o,u,s,e,l
o,u,t,b,y
o,u,t,d,o
o,u,t,e,d
o,u,t,e,r
o,u,t,g,o
o,u,v,r,e
o,u,z,e,l
o,v,a,l,s
o,v,a,r,y
o,v,a,t,e
o,v,e,n,s
o,v,e,r,s
o,v,e,r,t
o,v,i,n,e
o,v,o,i,d
o,v,u,l,e
o,w,e,n,s
o,w,i,n,g
o,w,l,',s
o,w,l,e,r
o,w,l,e,t
o,w,n,e,d
o,w,n,e,r
o,x,b,o,w
o,x,e,y,e
o,x,i,d,e
o,x,i,m,e
o,x,t,e,r
o,z,a,r,k
o,z,a,w,a
o,z,o,n,e
o,z,z,i,e
p,a,b,l,o
p,a,b,s,t
p,a,c,e,d
p,a,c,e,m
p,a,c,e,r
p,a,c,e,s
p,a,c,h,a
p,a,c,k,s
p,a,c,t,s
p,a,d,',s
p,a,d,d,y
p,a,d,m,a
p,a,d,r,e
p,a,d,u,a
p,a,d,u,s
p,a,e,a,n
p,a,e,o,n
p,a,g,a,n
p,a,g,e,d
p,a,g,e,r
p,a,g,e,s
p,a,i,l,s
p,a,i,n,e
p,a,i,n,s
p,a,i,n,t
p,a,i,r,s
p,a,i,s,a
p,a,l,',s
p,a,l,a,u
p,a,l,e,a
p,a,l,e,d
p,a,l,e,r
p,a,l,e,s
p,a,l,e,y
p,a,l,l,y
p,a,l,m,a
p,a,l,m,s
p,a,l,m,y
p,a,l,o,s
p,a,l,p,i
p,a,l,s,y
p,a,m,',s
p,a,m,p,a
p,a,n,',s
p,a,n,a,y
p,a,n,d,a
p,a,n,d,y
p,a,n,e,l
p,a,n,e,s
p,a,n,g,a
p,a,n,g,s
p,a,n,i,c
p,a,n,n,e
p,a,n,s,y
p,a,n,t,o
p,a,n,t,s
p,a,n,t,y
p,a,n,z,a
p,a,o,l,i
p,a,p,a,l
p,a,p,a,w
p,a,p,e,n
p,a,p,e,r
p,a,p,p,y
p,a,p,u,a
p,a,r,c,h
p,a,r,e,r
p,a,r,e,s
p,a,r,e,u
p,a,r,i,s
p,a,r,k,a
p,a,r,k,e
p,a,r,k,s
p,a,r,k,y
p,a,r,l,e
p,a,r,m,a
p,a,r,o,l
p,a,r,r,s
p,a,r,r,y
p,a,r,s,e
p,a,r,s,i
p,a,r,t,i
p,a,r,t,s
p,a,r,t,y
p,a,r,v,e
p,a,s,a,y
p,a,s,c,h
p,a,s,h,a
p,a,s,h,m
p,a,s,s,e
p,a,s,t,a
p,a,s,t,e
p,a,s,t,o
p,a,s,t,s
p,a,s,t,y
p,a,t,',s
p,a,t,c,h
p,a,t,e,d
p,a,t,e,n
p,a,t,e,r
p,a,t,h,s
p,a,t,i,l
p,a,t,i,n
p,a,t,i,o
p,a,t,n,a
p,a,t,o,n
p,a,t,s,y
p,a,t,t,i
p,a,t,t,y
p,a,u,l,a
p,a,u,l,i
p,a,u,l,o
p,a,u,s,e
p,a,v,e,d
p,a,v,e,r
p,a,v,e,s
p,a,v,i,d
p,a,v,i,s
p,a,w,e,d
p,a,w,k,y
p,a,w,n,s
p,a,x,a,m
p,a,y,e,d
p,a,y,e,e
p,a,y,e,r
p,a,y,n,e
p,a,y,o,r
p,e,a,',s
p,e,a,c,e
p,e,a,c,h
p,e,a,k,e
p,e,a,k,s
p,e,a,k,y
p,e,a,l,e
p,e,a,l,s
p,e,a,r,l
p,e,a,r,s
p,e,a,r,t
p,e,a,r,y
p,e,a,s,e
p,e,a,t,y
p,e,c,a,n
p,e,c,k,s
p,e,c,k,y
p,e,c,o,s
p,e,d,a,l
p,e,d,e,n
p,e,d,r,o
p,e,e,k,s
p,e,e,l,s
p,e,e,n,s
p,e,e,p,s
p,e,e,p,y
p,e,e,r,s
p,e,e,v,e
p,e,g,',s
p,e,g,g,y
p,e,k,a,n
p,e,k,i,n
p,e,k,o,e
p,e,l,e,w
p,e,l,l,a
p,e,l,t,s
p,e,m,b,a
p,e,n,a,l
p,e,n,c,e
p,e,n,d,s
p,e,n,i,s
p,e,n,k,i
p,e,n,n,a
p,e,n,n,y
p,e,n,t,a
p,e,n,z,a
p,e,o,n,y
p,e,p,i,n
p,e,p,p,y
p,e,p,s,i
p,e,p,y,s
p,e,r,a,k
p,e,r,c,h
p,e,r,c,y
p,e,r,d,u
p,e,r,e,z
p,e,r,i,l
p,e,r,k,s
p,e,r,k,y
p,e,r,l,e
p,e,r,r,y
p,e,r,s,e
p,e,r,t,h
p,e,s,k,y
p,e,s,o,s
p,e,s,t,e
p,e,s,t,s
p,e,t,a,l
p,e,t,e,r
p,e,t,i,t
p,e,t,r,a
p,e,t,r,i
p,e,t,t,y
p,e,w,',s
p,e,w,e,e
p,e,w,i,t
p,e,y,e,r
p,f,a,l,z
p,h,a,g,e
p,h,a,s,e
p,h,i,a,l
p,h,l,o,x
p,h,n,o,m
p,h,o,n,e
p,h,o,n,y
p,h,o,t,o
p,h,y,f,e
p,h,y,l,a
p,h,y,l,e
p,i,a,n,o
p,i,a,v,e
p,i,a,z,a
p,i,c,k,s
p,i,c,k,y
p,i,c,o,n
p,i,c,o,t
p,i,c,t,s
p,i,c,u,l
p,i,e,c,e
p,i,e,r,o
p,i,e,r,s
p,i,e,t,a
p,i,e,t,y
p,i,e,z,o
p,i,g,',s
p,i,g,g,y
p,i,g,m,y
p,i,k,e,d
p,i,k,e,r
p,i,k,e,s
p,i,l,a,f
p,i,l,a,u
p,i,l,c,h
p,i,l,e,a
p,i,l,e,d
p,i,l,e,i
p,i,l,e,s
p,i,l,l,s
p,i,l,o,t
p,i,l,u,s
p,i,m,p,s
p,i,n,',s
p,i,n,a,r
p,i,n,c,h
p,i,n,e,d
p,i,n,e,s
p,i,n,e,y
p,i,n,g,o
p,i,n,k,o
p,i,n,k,s
p,i,n,k,y
p,i,n,n,a
p,i,n,n,y
p,i,n,s,k
p,i,n,t,a
p,i,n,t,o
p,i,n,t,s
p,i,n,u,p
p,i,o,t,r
p,i,o,u,s
p,i,p,a,l
p,i,p,e,d
p,i,p,e,r
p,i,p,e,s
p,i,p,e,t
p,i,p,i,t
p,i,q,u,e
p,i,r,o,g
p,i,s,t,e
p,i,t,',s
p,i,t,c,h
p,i,t,h,y
p,i,t,o,n
p,i,t,o,t
p,i,t,t,a
p,i,u,r,a
p,i,v,o,t
p,i,x,e,l
p,i,x,i,e
p,i,z,z,a
p,l,a,c,e
p,l,a,g,e
p,l,a,i,d
p,l,a,i,n
p,l,a,i,t
p,l,a,n,e
p,l,a,n,k
p,l,a,n,o
p,l,a,n,s
p,l,a,n,t
p,l,a,s,h
p,l,a,s,m
p,l,a,t,a
p,l,a,t,e
p,l,a,t,h
p,l,a,t,o
p,l,a,t,y
p,l,a,y,a
p,l,a,y,s
p,l,a,z,a
p,l,e,a,d
p,l,e,a,s
p,l,e,a,t
p,l,e,b,e
p,l,e,b,s
p,l,i,c,a
p,l,i,e,d
p,l,i,e,r
p,l,i,e,s
p,l,i,n,k
p,l,i,n,y
p,l,o,a,t
p,l,o,d,s
p,l,o,n,k
p,l,o,t,s
p,l,o,w,s
p,l,o,y,s
p,l,u,c,k
p,l,u,g,s
p,l,u,m,b
p,l,u,m,e
p,l,u,m,p
p,l,u,m,s
p,l,u,m,y
p,l,u,n,k
p,l,u,s,h
p,l,u,t,o
p,o,a,c,h
p,o,b,o,x
p,o,c,k,y
p,o,c,u,s
p,o,d,',s
p,o,d,d,y
p,o,d,g,e
p,o,d,g,y
p,o,d,i,a
p,o,e,m,s
p,o,e,s,y
p,o,e,t,s
p,o,g,e,y
p,o,g,g,e
p,o,h,a,i
p,o,i,l,u
p,o,i,n,d
p,o,i,n,t
p,o,i,s,e
p,o,k,e,d
p,o,k,e,r
p,o,k,e,s
p,o,k,e,y
p,o,k,i,e
p,o,l,a,r
p,o,l,e,d
p,o,l,e,r
p,o,l,e,s
p,o,l,i,o
p,o,l,i,s
p,o,l,j,e
p,o,l,k,a
p,o,l,l,s
p,o,l,y,p
p,o,l,y,s
p,o,m,b,e
p,o,m,m,y
p,o,n,c,e
p,o,n,d,o
p,o,n,d,s
p,o,n,t,a
p,o,o,c,h
p,o,o,l,e
p,o,o,l,s
p,o,o,n,a
p,o,o,v,e
p,o,p,',s
p,o,p,e,k
p,o,p,e,s
p,o,p,o,v
p,o,p,p,a
p,o,p,p,y
p,o,p,s,y
p,o,r,c,h
p,o,r,e,d
p,o,r,e,s
p,o,r,g,y
p,o,r,k,y
p,o,r,t,e
p,o,r,t,o
p,o,r,t,s
p,o,s,e,d
p,o,s,e,n
p,o,s,e,r
p,o,s,e,s
p,o,s,e,y
p,o,s,h,o
p,o,s,i,t
p,o,s,s,e
p,o,s,t,s
p,o,t,',s
p,o,t,c,h
p,o,t,t,o
p,o,t,t,s
p,o,t,t,y
p,o,u,c,h
p,o,u,f,f
p,o,u,l,t
p,o,u,n,d
p,o,u,r,s
p,o,u,t,s
p,o,u,t,y
p,o,w,a,n
p,o,w,e,r
p,o,w,y,s
p,o,x,e,s
p,o,z,z,y
p,r,a,d,o
p,r,a,h,a
p,r,a,m,s
p,r,a,n,g
p,r,a,n,k
p,r,a,s,e
p,r,a,t,e
p,r,a,t,o
p,r,a,t,t
p,r,a,w,n
p,r,a,y,s
p,r,e,e,n
p,r,e,s,a
p,r,e,s,e
p,r,e,s,s
p,r,e,s,t
p,r,e,x,y
p,r,e,y,s
p,r,i,a,m
p,r,i,c,e
p,r,i,c,k
p,r,i,c,y
p,r,i,d,e
p,r,i,e,d
p,r,i,e,r
p,r,i,e,s
p,r,i,l,l
p,r,i,m,a
p,r,i,m,e
p,r,i,m,o
p,r,i,m,p
p,r,i,n,k
p,r,i,n,t
p,r,i,o,r
p,r,i,s,e
p,r,i,s,m
p,r,i,v,y
p,r,i,z,e
p,r,o,',s
p,r,o,b,e
p,r,o,e,m
p,r,o,l,e
p,r,o,n,e
p,r,o,n,g
p,r,o,o,f
p,r,o,p,s
p,r,o,s,e
p,r,o,s,o
p,r,o,s,t
p,r,o,s,y
p,r,o,t,o
p,r,o,u,d
p,r,o,u,t
p,r,o,v,e
p,r,o,v,o
p,r,o,w,l
p,r,o,w,s
p,r,o,x,y
p,r,u,d,e
p,r,u,n,e
p,r,y,e,r
p,s,a,l,m
p,s,e,u,d
p,s,h,a,w
p,s,k,o,v
p,s,o,a,s
p,s,y,c,h
p,u,b,',s
p,u,b,e,s
p,u,b,i,c
p,u,b,i,s
p,u,c,k,a
p,u,d,g,y
p,u,f,f,s
p,u,f,f,y
p,u,g,e,t
p,u,k,e,d
p,u,k,e,s
p,u,k,k,a
p,u,l,e,r
p,u,l,i,k
p,u,l,i,s
p,u,l,l,s
p,u,l,p,y
p,u,l,s,e
p,u,m,p,s
p,u,n,',s
p,u,n,c,e
p,u,n,c,h
p,u,n,i,c
p,u,n,k,a
p,u,n,k,s
p,u,n,k,y
p,u,n,n,y
p,u,n,t,a
p,u,n,t,s
p,u,n,t,y
p,u,p,',s
p,u,p,a,e
p,u,p,a,l
p,u,p,a,s
p,u,p,i,l
p,u,p,p,y
p,u,r,e,e
p,u,r,e,r
p,u,r,g,e
p,u,r,i,m
p,u,r,r,s
p,u,r,s,e
p,u,r,s,y
p,u,s,a,n
p,u,s,e,y
p,u,s,h,y
p,u,s,s,y
p,u,t,a,s
p,u,t,t,o
p,u,t,t,y
p,u,v,i,s
p,y,d,n,a
p,y,g,m,y
p,y,l,o,n
p,y,l,o,s
p,y,o,i,d
p,y,o,t,r
p,y,r,a,n
p,y,r,e,x
p,y,r,i,c
p,y,x,i,e
p,y,x,i,s
q,a,t,a,r
q,e,s,h,m
q,i,b,l,a
q,i,s,h,m
q,u,a,c,k
q,u,a,f,f
q,u,a,i,l
q,u,a,k,e
q,u,a,k,y
q,u,a,l,e
q,u,a,l,m
q,u,a,n,t
q,u,a,r,e
q,u,a,r,k
q,u,a,r,t
q,u,a,s,h
q,u,a,s,i
q,u,a,s,s
q,u,a,y,s
q,u,e,a,n
q,u,e,e,n
q,u,e,e,r
q,u,e,l,l
q,u,e,r,n
q,u,e,r,y
q,u,e,s,t
q,u,e,u,e
q,u,i,b,s
q,u,i,c,k
q,u,i,d,s
q,u,i,e,t
q,u,i,f,f
q,u,i,l,l
q,u,i,l,t
q,u,i,n,n
q,u,i,n,t
q,u,i,p,s
q,u,i,p,u
q,u,i,r,e
q,u,i,r,k
q,u,i,r,t
q,u,i,s,t
q,u,i,t,e
q,u,i,t,o
q,u,i,t,s
q,u,o,i,n
q,u,o,i,t
q,u,o,t,a
q,u,o,t,e
q,u,o,t,h
r,a,b,a,t
r,a,b,b,i
r,a,b,i,a
r,a,b,i,c
r,a,b,i,d
r,a,b,i,n
r,a,c,e,d
r,a,c,e,r
r,a,c,e,s
r,a,c,k,s
r,a,c,o,n
r,a,d,a,r
r,a,d,i,c
r,a,d,i,i
r,a,d,i,o
r,a,d,i,x
r,a,d,o,m
r,a,d,o,n
r,a,e,',s
r,a,f,t,s
r,a,g,',s
r,a,g,e,d
r,a,g,e,s
r,a,i,d,s
r,a,i,l,s
r,a,i,n,s
r,a,i,n,y
r,a,i,s,e
r,a,j,a,b
r,a,j,a,h
r,a,j,y,a
r,a,k,e,d
r,a,k,e,r
r,a,k,e,s
r,a,l,l,y
r,a,l,p,h
r,a,m,',s
r,a,m,a,n
r,a,m,a,t
r,a,m,i,e
r,a,m,p,s
r,a,m,u,s
r,a,n,c,e
r,a,n,c,h
r,a,n,d,y
r,a,n,e,e
r,a,n,g,e
r,a,n,g,y
r,a,n,k,i
r,a,n,k,s
r,a,n,t,s
r,a,o,u,l
r,a,p,',s
r,a,p,e,d
r,a,p,e,r
r,a,p,e,s
r,a,p,h,e
r,a,p,i,d
r,a,r,e,e
r,a,r,e,r
r,a,s,h,t
r,a,s,p,s
r,a,s,p,y
r,a,s,s,e
r,a,t,',s
r,a,t,a,n
r,a,t,c,h
r,a,t,e,d
r,a,t,e,l
r,a,t,e,r
r,a,t,e,s
r,a,t,h,a
r,a,t,h,e
r,a,t,i,o
r,a,t,o,n
r,a,t,t,y
r,a,v,e,d
r,a,v,e,l
r,a,v,e,n
r,a,v,e,r
r,a,v,e,s
r,a,v,i,n
r,a,w,e,r
r,a,w,l,y
r,a,y,',s
r,a,y,e,d
r,a,y,o,n
r,a,z,e,d
r,a,z,e,e
r,a,z,e,r
r,a,z,e,s
r,a,z,o,o
r,a,z,o,r
r,e,a,c,h
r,e,a,c,t
r,e,a,d,e
r,e,a,d,s
r,e,a,d,y
r,e,a,l,m
r,e,a,l,s
r,e,a,m,s
r,e,a,p,s
r,e,a,r,m
r,e,a,r,s
r,e,a,s,t
r,e,a,v,e
r,e,b,e,c
r,e,b,e,l
r,e,b,i,d
r,e,b,u,s
r,e,b,u,t
r,e,c,a,p
r,e,c,t,a
r,e,c,t,i
r,e,c,t,o
r,e,c,u,r
r,e,d,a,n
r,e,d,d,y
r,e,d,i,a
r,e,d,l,y
r,e,d,o,n
r,e,d,o,x
r,e,e,d,s
r,e,e,d,y
r,e,e,f,s
r,e,e,k,s
r,e,e,k,y
r,e,e,l,s
r,e,e,s,e
r,e,e,s,t
r,e,e,v,e
r,e,f,e,r
r,e,f,i,t
r,e,f,r,y
r,e,g,a,l
r,e,g,e,r
r,e,g,i,n
r,e,g,i,s
r,e,g,n,a
r,e,i,c,h
r,e,i,f,y
r,e,i,g,n
r,e,i,m,s
r,e,i,n,s
r,e,i,t,h
r,e,i,v,e
r,e,j,i,g
r,e,l,a,x
r,e,l,a,y
r,e,l,i,c
r,e,m,a,n
r,e,m,a,p
r,e,m,e,x
r,e,m,i,t
r,e,m,i,x
r,e,m,u,s
r,e,n,a,l
r,e,n,d,s
r,e,n,e,e
r,e,n,e,w
r,e,n,i,g
r,e,n,i,n
r,e,n,t,e
r,e,n,t,s
r,e,p,a,y
r,e,p,e,l
r,e,p,l,y
r,e,p,o,t
r,e,p,r,o
r,e,r,a,n
r,e,r,u,n
r,e,s,e,t
r,e,s,i,n
r,e,s,i,t
r,e,s,t,s
r,e,t,c,h
r,e,t,i,a
r,e,t,o,t
r,e,t,r,o
r,e,t,r,y
r,e,u,s,e
r,e,v,a,l
r,e,v,e,l
r,e,v,e,r
r,e,v,e,t
r,e,v,u,e
r,h,e,i,n
r,h,e,u,m
r,h,i,n,e
r,h,i,n,o
r,h,o,d,a
r,h,o,d,e
r,h,o,m,b
r,h,u,m,b
r,h,y,m,e
r,i,a,n,t
r,i,a,t,a
r,i,b,',s
r,i,b,a,s
r,i,b,b,y
r,i,c,a,n
r,i,c,c,i
r,i,c,e,r
r,i,c,e,s
r,i,c,i,n
r,i,d,e,r
r,i,d,e,s
r,i,d,g,e
r,i,d,g,y
r,i,f,l,e
r,i,g,',s
r,i,g,e,l
r,i,g,g,s
r,i,g,h,t
r,i,g,i,d
r,i,g,i,l
r,i,g,o,r
r,i,l,e,y
r,i,l,k,e
r,i,l,l,e
r,i,l,l,y
r,i,m,',s
r,i,m,e,r
r,i,n,d,s
r,i,n,g,s
r,i,n,s,e
r,i,o,t,s
r,i,p,e,n
r,i,p,e,r
r,i,p,o,n
r,i,s,e,n
r,i,s,e,r
r,i,s,e,s
r,i,s,k,s
r,i,s,k,y
r,i,s,u,s
r,i,t,e,d
r,i,t,e,s
r,i,t,z,y
r,i,v,a,l
r,i,v,e,d
r,i,v,e,n
r,i,v,e,r
r,i,v,e,t
r,i,y,a,l
r,i,z,a,l
r,o,a,c,h
r,o,a,d,s
r,o,a,m,s
r,o,a,r,s
r,o,a,s,t
r,o,b,e,d
r,o,b,e,s
r,o,b,i,n
r,o,b,l,e
r,o,b,o,t
r,o,c,c,o
r,o,c,k,s
r,o,c,k,y
r,o,d,',s
r,o,d,e,o
r,o,d,i,n
r,o,g,e,r
r,o,g,e,t
r,o,g,u,e
r,o,i,l,y
r,o,j,a,k
r,o,l,e,s
r,o,l,l,o
r,o,l,l,s
r,o,m,a,n
r,o,m,e,o
r,o,m,p,s
r,o,n,d,o
r,o,n,e,o
r,o,n,i,n
r,o,o,f,s
r,o,o,k,s
r,o,o,k,y
r,o,o,m,s
r,o,o,m,y
r,o,o,s,e
r,o,o,s,t
r,o,o,t,s
r,o,o,t,y
r,o,p,e,d
r,o,p,e,r
r,o,p,e,s
r,o,q,u,e
r,o,s,e,n
r,o,s,e,s
r,o,s,e,t
r,o,s,i,e
r,o,s,i,n
r,o,s,p,a
r,o,s,s,i
r,o,t,o,r
r,o,t,o,s
r,o,u,e,n
r,o,u,g,e
r,o,u,g,h
r,o,u,n,d
r,o,u,s,e
r,o,u,s,t
r,o,u,t,e
r,o,u,t,h
r,o,v,e,d
r,o,v,e,n
r,o,v,e,r
r,o,v,e,s
r,o,w,a,n
r,o,w,d,y
r,o,w,e,d
r,o,w,e,l
r,o,w,e,n
r,o,w,e,r
r,o,x,a,s
r,o,y,',s
r,o,y,a,l
r,o,y,c,e
r,u,b,b,y
r,u,b,e,n
r,u,b,e,s
r,u,b,i,n
r,u,b,l,e
r,u,b,u,s
r,u,c,h,e
r,u,d,d,y
r,u,d,e,r
r,u,f,f,e
r,u,f,u,s
r,u,g,',s
r,u,g,a,e
r,u,g,a,l
r,u,g,b,y
r,u,i,n,g
r,u,i,n,s
r,u,l,e,d
r,u,l,e,r
r,u,l,e,s
r,u,m,b,a
r,u,m,e,n
r,u,m,m,y
r,u,m,o,r
r,u,m,p,s
r,u,n,e,s
r,u,n,g,e
r,u,n,g,s
r,u,n,i,c
r,u,n,n,y
r,u,n,t,m
r,u,n,t,s
r,u,n,t,y
r,u,p,e,e
r,u,r,a,l
r,u,r,i,k
r,u,s,h,y
r,u,s,s,o
r,u,s,t,s
r,u,s,t,y
r,u,t,',s
r,u,t,t,y
r,y,d,a,l
r,y,d,e,r
r,y,e,',s
r,y,o,b,u
s,a,a,d,i
s,a,b,a,h
s,a,b,e,r
s,a,b,i,n
s,a,b,l,e
s,a,b,o,l
s,a,b,o,t
s,a,b,r,a
s,a,b,r,e
s,a,c,c,o
s,a,c,h,s
s,a,c,k,s
s,a,c,r,a
s,a,c,r,e
s,a,d,a,t
s,a,d,h,u
s,a,d,i,e
s,a,d,l,y
s,a,e,n,s
s,a,f,a,r
s,a,f,e,r
s,a,f,e,s
s,a,f,i,d
s,a,g,e,s
s,a,g,o,s
s,a,h,i,b
s,a,i,d,a
s,a,i,g,a
s,a,i,l,s
s,a,i,n,t
s,a,i,t,h
s,a,i,v,a
s,a,k,a,i
s,a,k,e,r
s,a,k,e,s
s,a,k,t,i
s,a,l,a,d
s,a,l,e,m
s,a,l,e,p
s,a,l,e,s
s,a,l,e,t
s,a,l,i,c
s,a,l,l,e
s,a,l,l,y
s,a,l,m,i
s,a,l,o,l
s,a,l,o,n
s,a,l,o,p
s,a,l,p,a
s,a,l,s,a
s,a,l,t,a
s,a,l,t,o
s,a,l,t,s
s,a,l,t,y
s,a,l,v,e
s,a,l,v,o
s,a,m,',s
s,a,m,a,r
s,a,m,b,a
s,a,m,b,o
s,a,m,m,y
s,a,m,o,a
s,a,m,o,s
s,a,n,d,s
s,a,n,d,y
s,a,n,e,r
s,a,n,g,h
s,a,n,g,o
s,a,n,k,t
s,a,n,t,a
s,a,n,t,o
s,a,p,',s
s,a,p,i,d
s,a,p,i,o
s,a,p,i,r
s,a,p,o,r
s,a,p,p,y
s,a,r,a,h
s,a,r,a,n
s,a,r,g,e
s,a,r,m,i
s,a,r,o,d
s,a,r,o,s
s,a,r,r,e
s,a,r,t,i
s,a,r,t,o
s,a,r,u,m
s,a,s,i,n
s,a,s,s,y
s,a,t,a,i
s,a,t,a,n
s,a,t,e,d
s,a,t,e,m
s,a,t,e,s
s,a,t,i,e
s,a,t,i,n
s,a,t,y,r
s,a,u,c,e
s,a,u,c,h
s,a,u,c,y
s,a,u,d,i
s,a,u,l,t
s,a,u,n,a
s,a,u,r,y
s,a,u,t,e
s,a,v,a,s
s,a,v,e,d
s,a,v,e,r
s,a,v,e,s
s,a,v,o,r
s,a,v,o,y
s,a,v,v,y
s,a,w,e,d
s,a,w,e,r
s,a,x,o,n
s,a,y,a,n
s,a,y,e,r
s,c,a,b,s
s,c,a,d,s
s,c,a,l,a
s,c,a,l,d
s,c,a,l,e
s,c,a,l,l
s,c,a,l,p
s,c,a,l,y
s,c,a,m,p
s,c,a,m,s
s,c,a,n,s
s,c,a,n,t
s,c,a,p,a
s,c,a,p,e
s,c,a,r,e
s,c,a,r,f
s,c,a,r,p
s,c,a,r,s
s,c,a,r,y
s,c,a,u,p
s,c,e,n,a
s,c,e,n,d
s,c,e,n,e
s,c,e,n,t
s,c,h,m,o
s,c,h,u,l
s,c,h,w,a
s,c,i,o,n
s,c,i,r,e
s,c,o,f,f
s,c,o,l,d
s,c,o,n,e
s,c,o,o,p
s,c,o,o,t
s,c,o,p,e
s,c,o,p,s
s,c,o,r,e
s,c,o,r,n
s,c,o,t,s
s,c,o,t,t
s,c,o,u,r
s,c,o,u,t
s,c,o,w,l
s,c,r,a,g
s,c,r,a,m
s,c,r,a,n
s,c,r,a,p
s,c,r,e,e
s,c,r,e,w
s,c,r,i,m
s,c,r,i,p
s,c,r,o,d
s,c,r,u,b
s,c,r,u,m
s,c,u,b,a
s,c,u,d,o
s,c,u,d,s
s,c,u,f,f
s,c,u,l,l
s,c,u,m,s
s,c,u,p,s
s,c,u,r,f
s,c,u,t,a
s,c,u,t,e
s,e,a,l,s
s,e,a,l,y
s,e,a,m,i
s,e,a,m,s
s,e,a,m,y
s,e,a,r,s
s,e,a,s,e
s,e,a,t,o
s,e,a,t,s
s,e,b,u,m
s,e,c,a,m
s,e,c,c,o
s,e,c,t,s
s,e,d,a,n
s,e,d,e,r
s,e,d,g,e
s,e,d,g,y
s,e,d,u,m
s,e,e,d,s
s,e,e,d,y
s,e,e,k,s
s,e,e,m,s
s,e,e,p,s
s,e,e,p,y
s,e,e,r,s
s,e,g,n,o
s,e,g,u,e
s,e,g,u,r
s,e,i,n,e
s,e,i,s,e
s,e,i,s,m
s,e,i,z,e
s,e,l,a,h
s,e,l,i,g
s,e,l,l,e
s,e,l,l,s
s,e,l,m,a
s,e,l,v,a
s,e,m,e,n
s,e,m,r,a
s,e,n,d,s
s,e,n,g,i
s,e,n,n,a
s,e,n,o,r
s,e,n,s,a
s,e,n,s,e
s,e,n,t,i
s,e,o,u,l
s,e,p,a,l
s,e,p,i,a
s,e,p,o,y
s,e,p,t,a
s,e,r,a,c
s,e,r,a,i
s,e,r,a,l
s,e,r,a,m
s,e,r,b,o
s,e,r,c,q
s,e,r,f,s
s,e,r,g,e
s,e,r,i,f
s,e,r,i,n
s,e,r,o,w
s,e,r,r,a
s,e,r,r,y
s,e,r,u,m
s,e,r,v,e
s,e,r,v,o
s,e,t,',s
s,e,t,a,e
s,e,t,a,l
s,e,t,n,m
s,e,t,o,m
s,e,t,o,n
s,e,t,u,p
s,e,t,z,b
s,e,t,z,m
s,e,v,a,n
s,e,v,e,c
s,e,v,e,n
s,e,v,e,r
s,e,w,a,n
s,e,w,e,d
s,e,w,e,r
s,e,x,e,d
s,e,x,e,s
s,e,x,t,o
s,h,a,b,a
s,h,a,c,k
s,h,a,d,e
s,h,a,d,y
s,h,a,e,f
s,h,a,f,t
s,h,a,g,s
s,h,a,h,n
s,h,a,k,a
s,h,a,k,e
s,h,a,k,o
s,h,a,k,y
s,h,a,l,e
s,h,a,l,l
s,h,a,l,t
s,h,a,m,e
s,h,a,m,o
s,h,a,m,s
s,h,a,n,g
s,h,a,n,k
s,h,a,p,e
s,h,a,r,d
s,h,a,r,e
s,h,a,r,i
s,h,a,r,k
s,h,a,r,p
s,h,a,v,e
s,h,a,w,l
s,h,a,w,m
s,h,a,y,s
s,h,e,',d
s,h,e,',s
s,h,e,a,f
s,h,e,a,r
s,h,e,b,a
s,h,e,d,s
s,h,e,e,n
s,h,e,e,p
s,h,e,e,r
s,h,e,e,t
s,h,e,i,k
s,h,e,l,f
s,h,e,l,l
s,h,e,m,a
s,h,e,n,d
s,h,e,o,l
s,h,e,r,d
s,h,e,r,i
s,h,e,w,e
s,h,e,w,n
s,h,e,w,s
s,h,i,a,h
s,h,i,a,i
s,h,i,e,d
s,h,i,e,l
s,h,i,e,r
s,h,i,e,s
s,h,i,f,t
s,h,i,l,l
s,h,i,l,y
s,h,i,m,s
s,h,i,n,e
s,h,i,n,y
s,h,i,p,s
s,h,i,r,e
s,h,i,r,k
s,h,i,r,r
s,h,i,r,t
s,h,i,s,h
s,h,i,v,a
s,h,i,v,e
s,h,l,u,h
s,h,o,a,l
s,h,o,a,t
s,h,o,c,k
s,h,o,e,d
s,h,o,e,r
s,h,o,e,s
s,h,o,n,a
s,h,o,n,e
s,h,o,o,k
s,h,o,o,l
s,h,o,o,n
s,h,o,o,t
s,h,o,p,s
s,h,o,r,e
s,h,o,r,n
s,h,o,r,t
s,h,o,t,e
s,h,o,t,s
s,h,o,t,t
s,h,o,u,p
s,h,o,u,t
s,h,o,v,e
s,h,o,w,d
s,h,o,w,n
s,h,o,w,s
s,h,o,w,y
s,h,r,e,d
s,h,r,e,w
s,h,r,u,b
s,h,r,u,g
s,h,u,',s
s,h,u,c,k
s,h,u,f,u
s,h,u,n,s
s,h,u,n,t
s,h,u,s,h
s,h,u,t,e
s,h,u,t,s
s,h,y,e,r
s,h,y,e,s
s,h,y,l,y
s,i,a,n,g
s,i,b,i,u
s,i,b,l,y
s,i,b,y,l
s,i,c,k,s
s,i,d,d,o
s,i,d,e,d
s,i,d,e,s
s,i,d,l,e
s,i,d,o,n
s,i,d,r,a
s,i,e,g,e
s,i,e,n,a
s,i,e,p,i
s,i,e,u,x
s,i,e,v,e
s,i,f,t,s
s,i,g,h,s
s,i,g,h,t
s,i,g,i,l
s,i,g,i,o
s,i,g,l,a
s,i,g,m,a
s,i,g,n,s
s,i,k,h,s
s,i,l,a,s
s,i,l,d,s
s,i,l,e,x
s,i,l,k,e
s,i,l,k,s
s,i,l,k,y
s,i,l,l,s
s,i,l,l,y
s,i,l,o,s
s,i,l,t,s
s,i,l,t,y
s,i,l,v,a
s,i,m,a,r
s,i,m,b,a
s,i,m,c,a
s,i,m,l,a
s,i,m,m,s
s,i,m,o,n
s,i,n,',s
s,i,n,a,i
s,i,n,a,n
s,i,n,c,e
s,i,n,e,s
s,i,n,e,w
s,i,n,g,e
s,i,n,g,s
s,i,n,k,s
s,i,n,u,s
s,i,o,u,x
s,i,p,l,e
s,i,r,e,d
s,i,r,e,e
s,i,r,e,n
s,i,r,e,s
s,i,r,e,t
s,i,r,r,a
s,i,r,u,p
s,i,s,a,l
s,i,s,s,y
s,i,t,a,r
s,i,t,e,d
s,i,t,e,s
s,i,t,k,a
s,i,t,u,s
s,i,v,a,n
s,i,v,a,s
s,i,x,e,s
s,i,x,m,o
s,i,x,t,e
s,i,x,t,h
s,i,x,t,y
s,i,z,a,r
s,i,z,e,d
s,i,z,e,r
s,i,z,e,s
s,k,a,l,d
s,k,a,r,a
s,k,a,t,e
s,k,e,a,n
s,k,e,e,t
s,k,e,i,n
s,k,e,l,f
s,k,e,l,p
s,k,e,n,e
s,k,e,r,s
s,k,e,r,y
s,k,e,w,s
s,k,i,d,s
s,k,i,e,d
s,k,i,e,n
s,k,i,e,r
s,k,i,e,s
s,k,i,f,f
s,k,i,l,l
s,k,i,m,p
s,k,i,m,s
s,k,i,n,k
s,k,i,n,s
s,k,i,n,t
s,k,i,p,s
s,k,i,r,l
s,k,i,r,r
s,k,i,r,t
s,k,i,t,e
s,k,i,t,s
s,k,i,v,e
s,k,o,a,l
s,k,u,l,k
s,k,u,l,l
s,k,u,n,k
s,k,y,',s
s,k,y,e,y
s,l,a,b,s
s,l,a,c,k
s,l,a,d,e
s,l,a,i,n
s,l,a,k,e
s,l,a,m,s
s,l,a,n,g
s,l,a,n,t
s,l,a,p,s
s,l,a,s,h
s,l,a,t,e
s,l,a,t,s
s,l,a,t,y
s,l,a,v,e
s,l,a,v,s
s,l,a,y,s
s,l,e,d,s
s,l,e,e,k
s,l,e,e,p
s,l,e,e,t
s,l,e,p,t
s,l,i,c,e
s,l,i,c,k
s,l,i,d,e
s,l,i,e,r
s,l,i,g,o
s,l,i,l,y
s,l,i,m,e
s,l,i,m,y
s,l,i,n,g
s,l,i,n,k
s,l,i,p,s
s,l,i,t,s
s,l,o,a,n
s,l,o,o,p
s,l,o,o,t
s,l,o,p,e
s,l,o,p,s
s,l,o,s,h
s,l,o,t,h
s,l,o,t,s
s,l,o,w,s
s,l,u,f,f
s,l,u,g,s
s,l,u,m,p
s,l,u,m,s
s,l,u,n,g
s,l,u,n,k
s,l,u,r,p
s,l,u,r,s
s,l,u,s,h
s,l,y,e,r
s,l,y,l,y
s,l,y,p,e
s,m,a,c,k
s,m,a,l,l
s,m,a,r,m
s,m,a,r,t
s,m,a,s,h
s,m,e,a,r
s,m,e,l,l
s,m,e,l,t
s,m,i,l,e
s,m,i,r,k
s,m,i,t,e
s,m,i,t,h
s,m,o,c,k
s,m,o,k,e
s,m,o,k,o
s,m,o,k,y
s,m,o,l,t
s,m,o,t,e
s,m,s,a,s
s,m,u,t,s
s,n,a,c,k
s,n,a,f,u
s,n,a,g,s
s,n,a,i,l
s,n,a,k,e
s,n,a,k,y
s,n,a,p,s
s,n,a,r,e
s,n,a,r,f
s,n,a,r,k
s,n,a,r,l
s,n,a,s,h
s,n,a,t,h
s,n,e,a,d
s,n,e,a,k
s,n,e,a,p
s,n,e,c,k
s,n,e,e,d
s,n,e,e,r
s,n,e,l,l
s,n,i,c,k
s,n,i,d,e
s,n,i,f,f
s,n,i,p,e
s,n,i,p,s
s,n,o,b,s
s,n,o,o,d
s,n,o,o,k
s,n,o,o,p
s,n,o,o,t
s,n,o,r,e
s,n,o,r,t
s,n,o,u,t
s,n,o,w,s
s,n,o,w,y
s,n,u,b,s
s,n,u,c,k
s,n,u,f,f
s,n,u,g,s
s,o,a,k,s
s,o,a,p,s
s,o,a,p,y
s,o,a,r,s
s,o,b,e,r
s,o,c,a,l
s,o,c,h,e
s,o,c,h,i
s,o,c,i,o
s,o,c,k,s
s,o,c,l,e
s,o,d,',s
s,o,d,d,y
s,o,d,i,c
s,o,d,o,m
s,o,f,a,r
s,o,f,a,s
s,o,f,i,a
s,o,f,t,a
s,o,f,t,y
s,o,g,a,t
s,o,g,g,y
s,o,i,g,n
s,o,i,l,s
s,o,k,o,l
s,o,l,a,n
s,o,l,a,r
s,o,l,d,i
s,o,l,d,o
s,o,l,e,d
s,o,l,e,s
s,o,l,i,d
s,o,l,l,y
s,o,l,o,n
s,o,l,o,s
s,o,l,t,i
s,o,l,u,m
s,o,l,u,s
s,o,l,v,e
s,o,m,m,e
s,o,n,',s
s,o,n,a,r
s,o,n,d,e
s,o,n,g,s
s,o,n,i,c
s,o,n,l,y
s,o,n,n,y
s,o,n,s,y
s,o,o,n,g
s,o,o,t,h
s,o,o,t,y
s,o,p,h,y
s,o,p,o,r
s,o,p,p,y
s,o,r,e,r
s,o,r,e,s
s,o,r,g,o
s,o,r,r,y
s,o,r,t,s
s,o,r,u,s
s,o,t,h,o
s,o,t,o,l
s,o,t,t,o
s,o,t,u,n
s,o,u,g,h
s,o,u,l,e
s,o,u,l,s
s,o,u,l,t
s,o,u,n,d
s,o,u,p,s
s,o,u,p,y
s,o,u,r,s
s,o,u,s,a
s,o,u,s,e
s,o,u,t,h
s,o,w,e,r
s,o,y,u,z
s,p,a,a,k
s,p,a,c,e
s,p,a,c,s
s,p,a,d,a
s,p,a,d,e
s,p,a,h,i
s,p,a,h,n
s,p,a,i,n
s,p,a,k,e
s,p,a,l,l
s,p,a,n,g
s,p,a,n,k
s,p,a,n,s
s,p,a,r,e
s,p,a,r,k
s,p,a,r,s
s,p,a,s,m
s,p,a,t,e
s,p,a,t,s
s,p,a,w,n
s,p,e,a,k
s,p,e,a,n
s,p,e,a,r
s,p,e,c,k
s,p,e,c,s
s,p,e,c,t
s,p,e,e,d
s,p,e,e,l
s,p,e,e,r
s,p,e,i,r
s,p,e,l,k
s,p,e,l,l
s,p,e,l,t
s,p,e,n,d
s,p,e,n,t
s,p,e,o,s
s,p,e,r,m
s,p,i,c,a
s,p,i,c,e
s,p,i,c,y
s,p,i,e,d
s,p,i,e,l
s,p,i,e,r
s,p,i,e,s
s,p,i,k,e
s,p,i,k,y
s,p,i,l,e
s,p,i,l,l
s,p,i,l,t
s,p,i,n,a
s,p,i,n,e
s,p,i,n,s
s,p,i,n,y
s,p,i,r,e
s,p,i,r,o
s,p,i,r,t
s,p,i,r,y
s,p,i,t,e
s,p,i,t,s
s,p,i,t,z
s,p,l,a,t
s,p,l,a,y
s,p,l,i,t
s,p,o,c,k
s,p,o,d,e
s,p,o,i,l
s,p,o,k,e
s,p,o,o,f
s,p,o,o,k
s,p,o,o,l
s,p,o,o,n
s,p,o,o,r
s,p,o,r,e
s,p,o,r,t
s,p,o,t,s
s,p,o,u,t
s,p,r,a,g
s,p,r,a,t
s,p,r,a,y
s,p,r,e,e
s,p,r,i,g
s,p,r,i,t
s,p,r,u,e
s,p,u,d,s
s,p,u,m,e
s,p,u,m,y
s,p,u,n,k
s,p,u,r,n
s,p,u,r,s
s,p,u,r,t
s,p,u,t,a
s,q,u,a,b
s,q,u,a,d
s,q,u,a,t
s,q,u,a,w
s,q,u,i,b
s,q,u,i,d
s,q,u,i,t
s,q,u,i,z
s,r,i,',s
s,t,a,b,s
s,t,a,c,k
s,t,a,c,y
s,t,a,d,e
s,t,a,f,f
s,t,a,g,e
s,t,a,g,s
s,t,a,g,y
s,t,a,h,l
s,t,a,i,d
s,t,a,i,n
s,t,a,i,r
s,t,a,k,e
s,t,a,l,e
s,t,a,l,k
s,t,a,l,l
s,t,a,m,p
s,t,a,n,d
s,t,a,n,e
s,t,a,n,g
s,t,a,n,k
s,t,a,n,s
s,t,a,p,h
s,t,a,r,a
s,t,a,r,e
s,t,a,r,k
s,t,a,r,r
s,t,a,r,s
s,t,a,r,t
s,t,a,s,h
s,t,a,t,e
s,t,a,t,o
s,t,a,t,z
s,t,a,v,e
s,t,a,y,s
s,t,d,i,o
s,t,e,a,d
s,t,e,a,k
s,t,e,a,l
s,t,e,a,m
s,t,e,e,d
s,t,e,e,l
s,t,e,e,n
s,t,e,e,p
s,t,e,e,r
s,t,e,i,n
s,t,e,l,a
s,t,e,l,e
s,t,e,m,s
s,t,e,n,o
s,t,e,p,s
s,t,e,r,e
s,t,e,r,n
s,t,e,v,e
s,t,e,w,s
s,t,e,y,r
s,t,i,c,h
s,t,i,c,k
s,t,i,c,y
s,t,i,f,f
s,t,i,j,l
s,t,i,l,e
s,t,i,l,l
s,t,i,l,t
s,t,i,m,e
s,t,i,n,g
s,t,i,n,k
s,t,i,n,t
s,t,i,o,n
s,t,i,p,e
s,t,i,r,k
s,t,i,r,p
s,t,i,r,s
s,t,o,a,t
s,t,o,c,k
s,t,o,g,y
s,t,o,i,c
s,t,o,k,e
s,t,o,l,e
s,t,o,l,l
s,t,o,m,a
s,t,o,m,p
s,t,o,n,e
s,t,o,n,k
s,t,o,n,y
s,t,o,o,d
s,t,o,o,k
s,t,o,o,l
s,t,o,o,p
s,t,o,p,e
s,t,o,p,s
s,t,o,r,e
s,t,o,r,k
s,t,o,r,m
s,t,o,r,r
s,t,o,r,y
s,t,o,s,s
s,t,o,u,p
s,t,o,u,r
s,t,o,u,t
s,t,o,v,e
s,t,o,w,e
s,t,o,w,s
s,t,r,a,m
s,t,r,a,p
s,t,r,a,w
s,t,r,a,y
s,t,r,e,p
s,t,r,e,w
s,t,r,i,a
s,t,r,i,p
s,t,r,o,m
s,t,r,o,p
s,t,r,o,w
s,t,r,o,y
s,t,r,u,m
s,t,r,u,t
s,t,u,b,s
s,t,u,c,k
s,t,u,d,s
s,t,u,d,y
s,t,u,f,f
s,t,u,l,l
s,t,u,m,p
s,t,u,n,g
s,t,u,n,k
s,t,u,n,s
s,t,u,n,t
s,t,u,p,a
s,t,u,p,e
s,t,u,r,m
s,t,u,r,t
s,t,y,e,s
s,t,y,k,a
s,t,y,l,e
s,t,y,l,i
s,u,a,v,e
s,u,b,a,h
s,u,b,i,c
s,u,c,k,s
s,u,c,r,e
s,u,d,a,n
s,u,d,o,r
s,u,d,r,a
s,u,d,s,y
s,u,e,d,e
s,u,g,a,r
s,u,i,n,g
s,u,i,n,t
s,u,i,t,e
s,u,i,t,s
s,u,l,c,i
s,u,l,f,a
s,u,l,k,s
s,u,l,k,y
s,u,l,l,a
s,u,l,l,y
s,u,m,',s
s,u,m,a,c
s,u,m,b,a
s,u,m,e,r
s,u,m,m,a
s,u,n,',s
s,u,n,a,y
s,u,n,n,a
s,u,n,n,i
s,u,n,n,y
s,u,n,u,p
s,u,o,m,i
s,u,p,e,r
s,u,p,p,l
s,u,p,r,a
s,u,r,a,h
s,u,r,a,l
s,u,r,a,t
s,u,r,e,d
s,u,r,e,r
s,u,r,g,e
s,u,r,l,y
s,u,r,r,a
s,u,s,a,h
s,u,s,a,n
s,u,s,h,i
s,u,s,i,e
s,u,s,s,o
s,u,t,r,a
s,w,a,b,s
s,w,a,g,e
s,w,a,i,n
s,w,a,l,e
s,w,a,m,i
s,w,a,m,p
s,w,a,n,g
s,w,a,n,k
s,w,a,n,s
s,w,a,p,s
s,w,a,r,d
s,w,a,r,f
s,w,a,r,m
s,w,a,r,t
s,w,a,s,h
s,w,a,t,h
s,w,a,t,s
s,w,a,y,s
s,w,a,z,i
s,w,e,a,r
s,w,e,a,t
s,w,e,d,e
s,w,e,e,p
s,w,e,e,t
s,w,e,l,l
s,w,e,p,t
s,w,e,y,n
s,w,i,f,t
s,w,i,l,l
s,w,i,m,s
s,w,i,n,e
s,w,i,n,g
s,w,i,n,k
s,w,i,p,e
s,w,i,r,l
s,w,i,s,h
s,w,i,s,s
s,w,i,t,h
s,w,o,o,n
s,w,o,o,p
s,w,o,r,d
s,w,o,r,e
s,w,o,r,n
s,w,o,t,s
s,w,u,n,g
s,y,b,i,l
s,y,c,e,e
s,y,e,n,e
s,y,k,e,s
s,y,l,o,w
s,y,l,p,h
s,y,l,v,a
s,y,n,c,h
s,y,n,g,e
s,y,n,o,d
s,y,r,e,n
s,y,r,i,a
s,y,r,u,p
s,y,s,g,t
s,z,e,l,l
t,a,a,t,a
t,a,b,a,c
t,a,b,b,y
t,a,b,e,s
t,a,b,l,a
t,a,b,l,e
t,a,b,o,o
t,a,b,o,r
t,a,c,e,t
t,a,c,h,s
t,a,c,i,t
t,a,c,k,s
t,a,c,k,y
t,a,c,o,s
t,a,e,g,u
t,a,f,f,y
t,a,f,i,a
t,a,g,',s
t,a,g,u,s
t,a,h,o,e
t,a,i,g,a
t,a,i,l,s
t,a,i,n,e
t,a,i,n,o
t,a,i,n,t
t,a,j,i,k
t,a,k,a,o
t,a,k,e,n
t,a,k,e,r
t,a,k,e,s
t,a,k,i,n
t,a,l,c,a
t,a,l,e,r
t,a,l,e,s
t,a,l,k,s
t,a,l,k,y
t,a,l,l,y
t,a,l,o,n
t,a,l,o,s
t,a,l,u,k
t,a,l,u,s
t,a,m,e,d
t,a,m,e,r
t,a,m,e,s
t,a,m,i,l
t,a,m,i,s
t,a,m,m,y
t,a,m,p,a
t,a,n,c,e
t,a,n,g,a
t,a,n,g,o
t,a,n,g,y
t,a,n,i,s
t,a,n,k,a
t,a,n,k,s
t,a,n,s,y
t,a,n,t,a
t,a,n,t,o
t,a,n,y,a
t,a,p,',s
t,a,p,e,d
t,a,p,e,r
t,a,p,e,s
t,a,p,i,r
t,a,p,i,s
t,a,p,p,a
t,a,r,a,s
t,a,r,d,o
t,a,r,d,y
t,a,r,g,e
t,a,r,g,o
t,a,r,i,m
t,a,r,o,k
t,a,r,o,s
t,a,r,o,t
t,a,r,r,e
t,a,r,r,y
t,a,r,s,i
t,a,r,t,s
t,a,r,t,u
t,a,s,h,i
t,a,s,k,s
t,a,s,s,e
t,a,s,s,o
t,a,s,t,e
t,a,s,t,y
t,a,t,a,r
t,a,t,e,r
t,a,t,r,a
t,a,t,t,y
t,a,t,u,m
t,a,u,n,t
t,a,u,p,e
t,a,u,p,o
t,a,v,e,l
t,a,w,e,s
t,a,w,i,e
t,a,w,n,y
t,a,w,s,e
t,a,x,e,d
t,a,x,e,r
t,a,x,e,s
t,a,x,i,s
t,a,x,o,n
t,a,x,u,s
t,a,y,r,a
t,a,z,z,a
t,c,h,a,d
t,e,a,c,h
t,e,a,k,s
t,e,a,l,s
t,e,a,m,s
t,e,a,r,s
t,e,a,r,y
t,e,a,s,e
t,e,a,t,s
t,e,c,h,y
t,e,c,t,a
t,e,c,u,m
t,e,d,d,y
t,e,e,m,s
t,e,e,n,s
t,e,e,n,y
t,e,e,t,h
t,e,i,d,e
t,e,i,i,d
t,e,l,e,g
t,e,l,e,x
t,e,l,i,a
t,e,l,i,c
t,e,l,l,i
t,e,l,l,s
t,e,l,l,y
t,e,l,o,s
t,e,m,n,e
t,e,m,p,e
t,e,m,p,i
t,e,m,p,o
t,e,m,p,t
t,e,n,',s
t,e,n,c,h
t,e,n,d,a
t,e,n,d,s
t,e,n,e,t
t,e,n,e,x
t,e,n,i,a
t,e,n,n,o
t,e,n,o,n
t,e,n,o,r
t,e,n,s,e
t,e,n,t,h
t,e,n,t,s
t,e,n,t,y
t,e,n,z,i
t,e,p,a,l
t,e,p,e,e
t,e,p,i,c
t,e,p,i,d
t,e,r,a,i
t,e,r,c,e
t,e,r,e,d
t,e,r,g,a
t,e,r,m,s
t,e,r,n,e
t,e,r,n,i
t,e,r,r,a
t,e,r,r,e
t,e,r,r,y
t,e,r,s,e
t,e,r,z,a
t,e,s,l,a
t,e,s,t,a
t,e,s,t,s
t,e,s,t,y
t,e,t,e,r
t,e,t,o,n
t,e,t,r,a
t,e,v,e,t
t,e,x,',s
t,e,x,a,n
t,e,x,a,s
t,e,x,t,s
t,e,y,d,e
t,e,z,e,l
t,h,a,n,e
t,h,a,n,k
t,h,a,t,s
t,h,a,w,s
t,h,e,a,t
t,h,e,c,a
t,h,e,f,t
t,h,e,g,n
t,h,e,i,r
t,h,e,m,e
t,h,e,o,l
t,h,e,r,e
t,h,e,r,m
t,h,e,s,e
t,h,e,t,a
t,h,i,c,k
t,h,i,e,f
t,h,i,g,h
t,h,i,l,l
t,h,i,n,e
t,h,i,n,g
t,h,i,n,k
t,h,i,n,s
t,h,i,o,l
t,h,i,r,d
t,h,i,r,l
t,h,o,l,e
t,h,o,n,g
t,h,o,r,n
t,h,o,r,p
t,h,o,s,e
t,h,o,t,h
t,h,o,u,s
t,h,r,a,w
t,h,r,e,e
t,h,r,e,w
t,h,r,o,b
t,h,r,o,e
t,h,r,o,w
t,h,r,u,m
t,h,u,d,s
t,h,u,g,s
t,h,u,j,a
t,h,u,l,e
t,h,u,m,b
t,h,u,m,p
t,h,u,n,k
t,h,u,r,l
t,h,u,r,n
t,h,u,y,a
t,h,y,m,e
t,h,y,m,y
t,i,a,r,a
t,i,b,e,r
t,i,b,e,t
t,i,b,i,a
t,i,b,u,r
t,i,c,a,l
t,i,c,k,s
t,i,d,a,l
t,i,d,e,d
t,i,d,e,s
t,i,e,c,k
t,i,e,r,s
t,i,g,e,r
t,i,g,h,t
t,i,g,o,n
t,i,h,w,a
t,i,l,d,e
t,i,l,e,d
t,i,l,e,r
t,i,l,e,s
t,i,l,l,s
t,i,l,l,y
t,i,l,t,h
t,i,l,t,s
t,i,m,',s
t,i,m,e,d
t,i,m,e,r
t,i,m,e,s
t,i,m,e,x
t,i,m,i,d
t,i,m,m,y
t,i,m,o,n
t,i,m,o,r
t,i,n,',s
t,i,n,c,t
t,i,n,e,a
t,i,n,e,d
t,i,n,e,s
t,i,n,g,e
t,i,n,n,y
t,i,n,t,s
t,i,o,g,a
t,i,p,',s
t,i,p,p,y
t,i,p,s,y
t,i,r,a,n
t,i,r,e,d
t,i,r,e,s
t,i,r,o,l
t,i,r,o,s
t,i,r,s,o
t,i,s,z,a
t,i,t,',s
t,i,t,a,n
t,i,t,e,r
t,i,t,h,e
t,i,t,l,e
t,i,t,r,e
t,i,t,u,s
t,i,z,z,y
t,o,a,d,s
t,o,a,d,y
t,o,a,s,t
t,o,b,e,y
t,o,b,i,t
t,o,b,o,l
t,o,d,a,y
t,o,d,d,y
t,o,e,',s
t,o,e,f,l
t,o,f,f,y
t,o,g,u,e
t,o,i,l,e
t,o,i,l,s
t,o,k,a,y
t,o,k,e,n
t,o,k,y,o
t,o,l,a,n
t,o,l,l,s
t,o,l,l,y
t,o,l,y,l
t,o,m,',s
t,o,m,a,n
t,o,m,b,s
t,o,m,e,s
t,o,m,m,y
t,o,m,s,k
t,o,n,',s
t,o,n,a,l
t,o,n,d,i
t,o,n,d,o
t,o,n,e,d
t,o,n,e,r
t,o,n,e,s
t,o,n,g,a
t,o,n,g,s
t,o,n,i,c
t,o,n,i,o
t,o,n,k,a
t,o,n,k,s
t,o,n,l,e
t,o,n,n,e
t,o,n,u,s
t,o,o,l,s
t,o,o,t,h
t,o,o,t,s
t,o,p,a,z
t,o,p,e,d
t,o,p,e,e
t,o,p,e,r
t,o,p,e,s
t,o,p,h,i
t,o,p,i,c
t,o,p,o,i
t,o,p,o,s
t,o,p,s,y
t,o,q,u,e
t,o,r,a,h
t,o,r,c,h
t,o,r,i,c
t,o,r,i,i
t,o,r,r,e
t,o,r,s,i
t,o,r,s,k
t,o,r,s,o
t,o,r,t,e
t,o,r,u,s
t,o,s,c,a
t,o,t,a,l
t,o,t,e,d
t,o,t,e,m
t,o,t,e,r
t,o,t,e,s
t,o,u,c,h
t,o,u,g,h
t,o,u,r,s
t,o,u,s,e
t,o,u,t,s
t,o,w,e,d
t,o,w,e,l
t,o,w,e,r
t,o,w,i,e
t,o,w,n,s
t,o,w,n,y
t,o,x,i,c
t,o,x,i,n
t,o,y,e,d
t,o,y,e,r
t,o,y,o,n
t,r,a,c,e
t,r,a,c,k
t,r,a,c,t
t,r,a,c,y
t,r,a,d,e
t,r,a,g,i
t,r,a,i,l
t,r,a,i,n
t,r,a,i,t
t,r,a,m,p
t,r,a,p,s
t,r,a,s,h
t,r,a,s,s
t,r,a,v,e
t,r,a,w,l
t,r,a,y,s
t,r,e,a,d
t,r,e,a,t
t,r,e,e,d
t,r,e,e,n
t,r,e,e,s
t,r,e,k,s
t,r,e,n,d
t,r,e,n,t
t,r,e,s,s
t,r,e,w,s
t,r,e,y,s
t,r,i,a,c
t,r,i,a,d
t,r,i,a,l
t,r,i,b,e
t,r,i,c,e
t,r,i,c,k
t,r,i,e,d
t,r,i,e,r
t,r,i,e,s
t,r,i,k,e
t,r,i,l,l
t,r,i,m,s
t,r,i,n,e
t,r,i,o,l
t,r,i,o,s
t,r,i,p,e
t,r,i,p,s
t,r,i,t,e
t,r,o,a,s
t,r,o,a,t
t,r,o,d,e
t,r,o,f,f
t,r,o,i,s
t,r,o,l,l
t,r,o,m,p
t,r,o,n,a
t,r,o,n,e
t,r,o,o,p
t,r,o,p,e
t,r,o,t,h
t,r,o,t,s
t,r,o,u,t
t,r,o,v,e
t,r,u,c,e
t,r,u,c,k
t,r,u,d,y
t,r,u,e,d
t,r,u,e,r
t,r,u,e,s
t,r,u,g,s
t,r,u,l,l
t,r,u,l,y
t,r,u,m,p
t,r,u,n,k
t,r,u,r,o
t,r,u,s,s
t,r,u,s,t
t,r,u,t,h
t,r,y,m,a
t,r,y,s,t
t,s,a,d,e
t,s,a,n,a
t,t,y,',s
t,u,a,r,t
t,u,b,',s
t,u,b,a,l
t,u,b,b,y
t,u,b,e,d
t,u,b,e,r
t,u,b,e,s
t,u,c,k,s
t,u,d,o,r
t,u,f,t,s
t,u,f,t,y
t,u,l,i,p
t,u,l,l,e
t,u,l,l,y
t,u,l,s,a
t,u,m,i,d
t,u,m,m,y
t,u,m,o,r
t,u,n,a,s
t,u,n,e,d
t,u,n,e,r
t,u,n,e,s
t,u,n,i,c
t,u,n,i,s
t,u,n,n,y
t,u,p,l,e
t,u,q,u,e
t,u,r,a,l
t,u,r,b,o
t,u,r,c,o
t,u,r,e,d
t,u,r,f,y
t,u,r,i,n
t,u,r,k,i
t,u,r,k,s
t,u,r,k,u
t,u,r,n,s
t,u,r,p,s
t,u,r,v,y
t,u,s,k,s
t,u,t,e,e
t,u,t,o,r
t,u,t,s,i
t,u,t,t,i
t,u,t,t,y
t,w,a,i,n
t,w,a,n,g
t,w,e,a,k
t,w,e,e,d
t,w,e,e,n
t,w,e,e,t
t,w,e,r,p
t,w,i,c,e
t,w,i,g,s
t,w,i,l,l
t,w,i,n,e
t,w,i,n,s
t,w,i,n,y
t,w,i,r,l
t,w,i,r,p
t,w,i,s,t
t,w,i,t,e
t,w,i,x,t
t,w,o,',s
t,y,c,h,e
t,y,c,h,o
t,y,i,n,g
t,y,k,e,s
t,y,l,e,r
t,y,n,e,s
t,y,p,a,l
t,y,p,e,d
t,y,p,e,r
t,y,p,e,s
t,y,p,e,y
t,y,p,i,c
t,y,p,o,s
t,y,r,e,s
t,y,r,o,l
t,y,r,o,s
t,y,s,o,n
u,d,a,l,l
u,d,d,e,r
u,d,i,n,e
u,g,a,l,i
u,g,r,i,c
u,h,l,a,n
u,h,u,r,u
u,i,g,u,r
u,i,n,t,a
u,j,i,j,i
u,j,u,n,g
u,k,a,s,e
u,l,a,m,a
u,l,c,e,r
u,l,e,m,a
u,l,n,a,r
u,l,t,r,a
u,m,b,e,l
u,m,b,e,r
u,m,b,o,s
u,m,b,r,a
u,m,i,a,k
u,m,r,c,c
u,n,a,p,t
u,n,a,r,m
u,n,a,r,y
u,n,b,a,n
u,n,b,a,r
u,n,b,i,d
u,n,b,o,x
u,n,c,a,p
u,n,c,i,l
u,n,c,l,e
u,n,c,u,s
u,n,c,u,t
u,n,d,e,r
u,n,d,i,d
u,n,d,r,o
u,n,d,u,e
u,n,f,i,t
u,n,f,i,x
u,n,g,o,t
u,n,i,a,t
u,n,i,f,y
u,n,i,o,n
u,n,i,t,e
u,n,i,t,s
u,n,i,t,y
u,n,j,a,m
u,n,l,a,y
u,n,m,a,n
u,n,m,e,t
u,n,p,e,g
u,n,p,i,n
u,n,r,i,g
u,n,r,i,p
u,n,r,w,a
u,n,s,a,y
u,n,s,e,e
u,n,s,e,l
u,n,s,e,t
u,n,s,e,w
u,n,s,e,x
u,n,t,e,r
u,n,t,i,e
u,n,t,i,l
u,n,w,e,d
u,n,z,i,o
u,n,z,i,p
u,p,d,o,s
u,p,e,n,d
u,p,o,l,u
u,p,p,e,d
u,p,p,e,r
u,p,s,e,t
u,p,t,o,n
u,r,a,e,i
u,r,a,t,e
u,r,b,a,n
u,r,e,d,o
u,r,g,e,d
u,r,g,e,r
u,r,g,e,s
u,r,i,a,h
u,r,i,e,l
u,r,i,n,e
u,r,m,i,a
u,r,n,',s
u,s,a,g,e
u,s,a,r,t
u,s,c,',s
u,s,e,r,s
u,s,g,',s
u,s,h,a,s
u,s,h,e,r
u,s,i,n,g
u,s,n,e,a
u,s,r,i,o
u,s,u,a,l
u,s,u,r,p
u,s,u,r,y
u,t,e,c,a
u,t,h,e,r
u,t,i,c,a
u,t,i,l,e
u,t,i,n,y
u,t,t,a,r
u,t,t,e,r
u,v,e,a,l
u,v,u,l,a
u,x,m,a,l
u,z,b,e,k
u,z,i,',s
v,a,a,s,a
v,a,c,u,a
v,a,c,u,o
v,a,d,u,z
v,a,g,a,l
v,a,g,u,e
v,a,g,u,s
v,a,l,e,s
v,a,l,e,t
v,a,l,i,d
v,a,l,l,e
v,a,l,o,r
v,a,l,u,e
v,a,l,v,e
v,a,n,',s
v,a,n,c,e
v,a,n,d,a
v,a,n,e,d
v,a,n,e,s
v,a,n,i,r
v,a,n,u,a
v,a,p,i,d
v,a,p,o,r
v,a,r,e,c
v,a,r,g,a
v,a,r,i,a
v,a,r,i,x
v,a,r,n,a
v,a,r,r,o
v,a,r,u,s
v,a,r,v,e
v,a,s,a,l
v,a,s,c,o
v,a,s,e,s
v,a,s,t,y
v,a,t,',s
v,a,t,i,c
v,a,u,l,t
v,a,u,n,t
v,a,x,',s
v,e,a,l,y
v,e,a,s,y
v,e,d,d,a
v,e,d,i,c
v,e,e,r,s
v,e,e,r,y
v,e,g,a,n
v,e,g,a,s
v,e,i,l,s
v,e,i,n,s
v,e,i,n,y
v,e,l,a,r
v,e,l,d,t
v,e,l,l,a
v,e,l,u,m
v,e,n,a,e
v,e,n,a,l
v,e,n,d,a
v,e,n,g,e
v,e,n,i,n
v,e,n,l,o
v,e,n,o,m
v,e,n,t,s
v,e,n,u,e
v,e,n,u,s
v,e,r,b,s
v,e,r,d,e
v,e,r,d,i
v,e,r,g,e
v,e,r,n,a
v,e,r,n,e
v,e,r,n,y
v,e,r,s,a
v,e,r,s,e
v,e,r,s,o
v,e,r,s,t
v,e,r,t,u
v,e,r,v,e
v,e,s,t,a
v,e,s,t,s
v,e,t,c,h
v,e,x,e,d
v,e,x,e,s
v,i,a,l,s
v,i,a,n,d
v,i,b,e,s
v,i,c,',s
v,i,c,a,r
v,i,c,e,s
v,i,c,h,y
v,i,c,k,y
v,i,d,a,l
v,i,d,e,o
v,i,e,w,s
v,i,e,w,y
v,i,g,i,l
v,i,g,n,y
v,i,g,o,r
v,i,l,e,r
v,i,l,l,a
v,i,l,l,i
v,i,m,e,n
v,i,n,a,l
v,i,n,c,a
v,i,n,c,e
v,i,n,c,i
v,i,n,e,s
v,i,n,i,c
v,i,n,y,l
v,i,o,l,a
v,i,p,e,r
v,i,r,a,l
v,i,r,e,n
v,i,r,e,o
v,i,r,e,s
v,i,r,g,a
v,i,r,g,o
v,i,r,i,d
v,i,r,t,u
v,i,r,u,s
v,i,s,a,s
v,i,s,b,y
v,i,s,e,d
v,i,s,e,u
v,i,s,i,t
v,i,s,o,r
v,i,s,t,a
v,i,t,a,e
v,i,t,a,l
v,i,t,r,o
v,i,t,t,a
v,i,t,u,s
v,i,v,i,d
v,i,x,e,n
v,i,z,o,r
v,l,a,c,h
v,m,s,',s
v,o,c,a,l
v,o,d,k,a
v,o,g,e,l
v,o,g,u,e
v,o,g,u,l
v,o,i,c,e
v,o,i,d,s
v,o,i,l,a
v,o,i,l,e
v,o,l,a,r
v,o,l,e,s
v,o,l,g,a
v,o,l,t,a
v,o,l,t,s
v,o,l,v,a
v,o,l,v,o
v,o,m,e,r
v,o,m,i,t
v,o,r,e,d
v,o,t,e,d
v,o,t,e,r
v,o,t,e,s
v,o,u,c,h
v,o,u,g,e
v,o,w,e,d
v,o,w,e,l
v,o,w,e,r
v,r,i,e,s
v,r,o,o,m
v,u,l,v,a
v,y,i,n,g
w,a,a,l,s
w,a,a,r,t
w,a,c,k,o
w,a,c,k,y
w,a,d,a,i
w,a,d,d,y
w,a,d,e,d
w,a,d,e,r
w,a,d,e,s
w,a,f,e,r
w,a,g,e,d
w,a,g,e,r
w,a,g,e,s
w,a,g,o,n
w,a,h,o,o
w,a,i,l,s
w,a,i,s,t
w,a,i,t,e
w,a,i,t,s
w,a,i,v,e
w,a,j,d,a
w,a,k,e,d
w,a,k,e,n
w,a,k,e,r
w,a,k,e,s
w,a,l,d,o
w,a,l,e,r
w,a,l,e,s
w,a,l,e,y
w,a,l,k,s
w,a,l,l,s
w,a,l,l,y
w,a,l,s,h
w,a,l,t,z
w,a,n,e,d
w,a,n,e,s
w,a,n,e,y
w,a,n,l,y
w,a,n,n,a
w,a,n,t,s
w,a,r,',s
w,a,r,d,s
w,a,r,e,s
w,a,r,m,s
w,a,r,n,s
w,a,r,p,s
w,a,r,t,a
w,a,r,t,s
w,a,r,t,y
w,a,s,h,y
w,a,s,p,s
w,a,s,t,e
w,a,t,a,p
w,a,t,c,h
w,a,t,e,r
w,a,t,t,s
w,a,u,g,h
w,a,v,e,d
w,a,v,e,r
w,a,v,e,s
w,a,x,e,d
w,a,x,e,n
w,a,x,e,r
w,a,x,e,s
w,a,y,',s
w,a,y,n,e
w,e,',l,l
w,e,',r,e
w,e,',v,e
w,e,a,l,d
w,e,a,r,s
w,e,a,r,y
w,e,a,v,e
w,e,b,',s
w,e,b,b,s
w,e,b,b,y
w,e,b,e,r
w,e,d,g,e
w,e,d,g,y
w,e,e,d,s
w,e,e,d,y
w,e,e,k,s
w,e,e,n,y
w,e,e,p,s
w,e,e,p,y
w,e,f,t,s
w,e,i,',s
w,e,i,g,h
w,e,i,k,l
w,e,i,l,l
w,e,i,r,d
w,e,i,r,s
w,e,i,s,s
w,e,l,c,h
w,e,l,d,s
w,e,l,l,s
w,e,l,s,h
w,e,l,t,s
w,e,n,c,h
w,e,n,d,y
w,e,r,s,h
w,e,s,e,r
w,e,t,l,y
w,h,a,c,k
w,h,a,l,e
w,h,a,n,g
w,h,a,r,e
w,h,a,r,f
w,h,a,t,s
w,h,a,u,p
w,h,e,a,l
w,h,e,a,t
w,h,e,e,l
w,h,e,e,n
w,h,e,l,k
w,h,e,l,m
w,h,e,l,p
w,h,e,n,s
w,h,e,r,e
w,h,e,t,s
w,h,i,c,h
w,h,i,f,f
w,h,i,g,s
w,h,i,l,e
w,h,i,m,s
w,h,i,n,e
w,h,i,p,s
w,h,i,r,l
w,h,i,r,r
w,h,i,s,h
w,h,i,s,k
w,h,i,s,t
w,h,i,t,e
w,h,i,t,y
w,h,i,z,z
w,h,o,',d
w,h,o,',s
w,h,o,l,e
w,h,o,m,p
w,h,o,o,p
w,h,o,r,e
w,h,o,r,l
w,h,o,r,t
w,h,o,s,e
w,h,o,s,o
w,h,u,m,p
w,i,c,k,s
w,i,d,e,n
w,i,d,e,r
w,i,d,o,r
w,i,d,o,w
w,i,d,t,h
w,i,e,l,d
w,i,g,',s
w,i,g,a,n
w,i,g,h,t
w,i,l,c,o
w,i,l,d,e
w,i,l,e,d
w,i,l,e,s
w,i,l,e,y
w,i,l,l,a
w,i,l,l,s
w,i,l,l,y
w,i,l,m,a
w,i,l,n,o
w,i,l,t,s
w,i,m,p,s
w,i,m,p,y
w,i,n,c,e
w,i,n,c,h
w,i,n,d,s
w,i,n,d,y
w,i,n,e,d
w,i,n,e,r
w,i,n,e,s
w,i,n,e,y
w,i,n,g,s
w,i,n,g,y
w,i,n,k,s
w,i,n,o,s
w,i,n,z,e
w,i,p,e,d
w,i,p,e,r
w,i,p,e,s
w,i,r,e,d
w,i,r,e,r
w,i,r,e,s
w,i,r,r,a
w,i,s,e,d
w,i,s,e,r
w,i,s,e,s
w,i,s,h,a
w,i,s,h,y
w,i,s,p,s
w,i,s,p,y
w,i,t,',s
w,i,t,a,n
w,i,t,c,h
w,i,t,h,e
w,i,t,h,y
w,i,t,t,y
w,i,v,e,s
w,i,z,e,n
w,o,a,l,d
w,o,d,e,n
w,o,d,g,e
w,o,k,e,n
w,o,l,d,s
w,o,l,f,e
w,o,l,f,f
w,o,l,l,y
w,o,l,o,f
w,o,l,v,e
w,o,m,a,n
w,o,m,b,s
w,o,m,e,n
w,o,n,',t
w,o,n,k,y
w,o,o,d,s
w,o,o,d,y
w,o,o,e,d
w,o,o,e,r
w,o,o,f,s
w,o,o,l,f
w,o,o,l,s
w,o,o,l,y
w,o,o,p,s
w,o,o,z,y
w,o,r,d,s
w,o,r,d,y
w,o,r,k,s
w,o,r,l,d
w,o,r,m,s
w,o,r,m,y
w,o,r,r,y
w,o,r,s,e
w,o,r,s,t
w,o,r,t,h
w,o,t,a,n
w,o,u,l,d
w,o,u,n,d
w,o,v,e,n
w,r,a,a,c
w,r,a,c,k
w,r,a,p,s
w,r,a,t,h
w,r,e,a,k
w,r,e,c,k
w,r,e,n,s
w,r,e,s,t
w,r,i,e,r
w,r,i,n,g
w,r,i,s,t
w,r,i,t,e
w,r,i,t,s
w,r,o,n,g
w,r,o,t,e
w,r,o,t,h
w,r,u,n,g
w,r,y,l,y
w,u,n,d,t
w,u,r,s,t
w,u,s,i,h
w,y,a,t,t
w,y,e,t,h
w,y,l,i,e
w,y,m,a,n
x,c,v,i,i
x,e,n,i,a
x,e,n,i,x
x,e,n,o,n
x,e,r,e,s
x,e,r,i,c
x,e,r,o,x
x,h,o,s,a
x,t,e,r,m
x,v,i,i,i
x,x,i,i,i
x,x,v,i,i
x,x,x,i,i
x,x,x,i,v
x,x,x,i,x
x,x,x,v,i
x,y,l,a,n
x,y,l,e,m
x,y,l,o,l
x,y,l,y,l
y,a,b,b,y
y,a,c,h,t
y,a,h,o,o
y,a,k,u,t
y,a,l,t,a
y,a,m,e,n
y,a,n,k,s
y,a,p,o,k
y,a,p,o,n
y,a,q,u,i
y,a,r,d,s
y,a,r,n,s
y,a,t,e,s
y,a,u,l,d
y,a,w,e,d
y,a,w,n,s
y,e,a,r,n
y,e,a,r,s
y,e,a,s,t
y,e,a,t,s
y,e,c,c,h
y,e,l,l,s
y,e,l,p,s
y,e,m,e,n
y,e,n,a,n
y,e,n,t,l
y,e,r,b,a
y,e,s,e,s
y,i,e,l,d
y,o,d,e,l
y,o,d,l,e
y,o,g,i,c
y,o,g,i,n
y,o,k,e,l
y,o,k,e,s
y,o,l,k,s
y,o,l,k,y
y,o,n,n,e
y,o,r,k,e
y,o,r,k,s
y,o,u,',d
y,o,u,n,g
y,o,u,r,s
y,o,u,t,h
y,p,r,e,s
y,q,u,e,m
y,s,a,y,e
y,s,s,e,l
y,u,c,c,a
y,u,k,o,n
y,u,l,a,n
y,u,m,a,n
y,u,m,m,y
y,u,r,e,v
z,a,i,r,e
z,a,k,a,i
z,a,m,i,a
z,a,n,',s
z,a,n,t,e
z,a,p,p,a
z,a,r,g,a
z,a,r,i,a
z,a,y,i,n
z,a,z,e,n
z,e,a,m,i
z,e,b,e,c
z,e,b,r,a
z,e,i,s,s
z,e,i,s,t
z,e,n,e,r
z,e,r,o,s
z,e,s,t,y
z,e,t,a,s
z,i,a,u,r
z,i,b,e,t
z,i,g,g,y
z,i,l,c,h
z,i,n,g,s
z,i,n,g,y
z,i,o,n,s
z,i,p,p,y
z,i,s,k,a
z,l,o,t,y
z,o,a,e,a
z,o,e,',s
z,o,h,a,r
z,o,m,b,i
z,o,n,a,l
z,o,n,e,d
z,o,n,e,r
z,o,n,e,s
z,o,n,k,s
z,o,o,',s
z,o,o,i,d
z,o,o,k,s
z,o,o,m,s
z,u,l,u,s
